OBJECTID,GIS_ID,Address,GravelParking,PavedParking,TotalBaseballDiamonds,RegulationDiamond,RegulationDiamondLighted,RegulationDiamondIrrigated,PeeweeDiamond,PeeweeDiamondLighted,PeeweeDiamondIrrigated,OtherDiamonds,FullSizeSoccer,FullSizeSoccerLighted,FullSizeSoccerIrrigated,TournamentSizeSoccer,TournamentSizeSoccerLighted,TournamentSizeSoccerIrrigated,MiniSoccer,FullSizeFootball,FullSizeFootballLighted,FullSizeFootballIrrigated,ArenaName,NumberOfIcePads,TennisCourts,TennisCourtsLighted,MultiUsePads,PoolName,PoolType,NumberOfPools,WadingPools,SprayPads,PlayStructure,PlayYear,WalkingTrail,PavedPathway,TotalPathway,FullSizeBasketball,HalfSizeBasketball,SkateboardPark,Swings,SwingSets,OffLeashPark,CommunityCentre,RecreationCentre,FieldHouse,ParkCategory,OtherFacilities,RunningTrack,GolfCourse,ConcessionStand,PicnicShelter,DrinkingFountain,Benches,PicnicTable,Washroom,OutdoorRink,ParkSign,GarbageCan,Light,CampusCommunity,BoatRamp,AdultExerciseStation,SwmPond,NaturalizationProgram,CommunityGarden,YearParkAdded,Pnumber,GIS_FeatureKey,VolleyballCourts,CricketPitch,PickleballCourt,GlobalID,ShapeSTArea,ShapeSTLength
8254,1,1085 Commissioners Rd W,0,200,0,0,0,0,0,0,0,0,0,0,0,0,0,0,4,0,0,0, ,0,0,0,0, , ,0,1,1,1,2016,1155.98,13308.13,14464.11,0,0,1,12,4,N,Y,N,Y,R,"STORYBOOK GARDENS, MULTI-PURPOSE ROOM, GRAHAM ARBORETUM, SPRINGBANK GARDENS, GUY LOMBTDO PAVILION, WONDERLAND BANDSHELL, MEMORY WALL/ARBORETUM, ADULT FITNESS EQUIPMENT - 2019",N,N,Y,Y,Y,6,Y,Y,Y,Y,Y,Y,N,N,Y,N,Y,N, ,P-001,Springbank Park,0,0,0,{1F448347-FD81-44E3-9296-0F4D74E071EC},708656.447077655,8910.30536196376
8255,2,23 Metamora Cres,0,0,0,0,0,0,0,0,0,0,0,0,0,0,0,0,0,0,0,0, ,0,0,0,0, , ,0,0,0,0, ,76.21,0,76.21,0,0,0,0,0,N,N,N,N,E, ,N,N,N,N,N,0,N,N,N,N,N,N,N,N,N,N,Y,N, ,P-002B,Medway Valley Heritage Forest ESA - South,0,0,0,{F1C8302C-CADA-47F1-A728-D18F8AE329AC},5017.71076072,537.906290716185
8256,3,2a Grosvenor St,0,150,0,0,0,0,0,0,0,0,0,0,0,0,0,0,0,0,0,0, ,0,3,0,0,Gibbons Park Community Pool,Outdoor,1,0,1,3,2022,0,2904.35,2904.35,0,0,0,4,1,N,N,N,Y,D,Kiwanis Music Park,N,N,N,Y,Y,3,Y,Y,N,Y,Y,Y,N,N,Y,N,Y,N, ,P-003,Gibbons Park,0,0,0,{7867009C-8F4E-4EA9-A6BD-89E03668348D},257977.690339405,3083.56961176496
8259,6,20 Granville St,0,186,1,0,0,0,1,1,1,0,1,1,1,0,0,0,0,0,0,0,Kinsmen Recreation,2,0,0,0, , ,0,0,1,1,2019,0,1228.96,1228.96,2,0,1,6,2,N,N,Y,N,D, Food Forest,N,N,N,N,Y,5,Y,Y,N,Y,Y,Y,N,N,N,N,Y,Y, ,P-007,West Lions Park And Kinsmen Recreation Centre,0,0,0,{9096238B-A7C5-4220-B126-EC4DAB9E8C98},80082.75753419,1591.19917858483
8262,9,1570 Hillside Dr,0,0,0,0,0,0,0,0,0,0,0,0,0,0,0,0,0,0,0,0, ,0,0,0,0, , ,0,0,0,0, ,0,0,0,0,0,0,0,0,N,N,N,N,O, ,N,N,N,N,N,0,N,N,N,N,N,N,N,N,N,N,Y,N, ,P-010,Hillside Ravine,0,0,0,{913C82DD-42E1-4F2E-B200-920E15D9FAC9},6920.701795635,684.821367031863
8272,19,850 Sunninghill Ave,0,100,0,0,0,0,0,0,0,0,0,0,0,0,0,0,0,0,0,0, ,0,0,0,0, , ,0,0,0,0, ,0,132.47,132.47,0,0,0,0,0,N,N,N,N,G, ,N,Y,N,N,N,0,N,N,N,N,N,N,N,N,N,N,N,N, ,P-017,Thames Valley (e.v. Buchanan) Golf Course,0,0,0,{C4022D33-025F-43D5-9CCF-5047DD697B00},567425.932680165,4192.95688410315
8274,21,825 Valetta St,0,112,2,0,0,0,0,0,0,2,0,0,0,0,0,0,0,0,0,0,Oakridge Arena,1,2,0,0,Oakridge Acres Park Community Pool,Outdoor,1,0,1,2,2010,0,784.4,784.4,0,0,0,4,1,N,N,Y,Y,D,Batting Cage,N,N,N,Y,N,9,Y,Y,N,Y,Y,Y,N,N,N,N,N,N, ,P-019,Oakridge Optimist Community Park,0,0,2,{2955E386-A584-43F9-B54F-89B5B159D84E},49002.28612224,1032.8979878168
8276,23,555 Wharncliffe Rd S,20,60,0,0,0,0,0,0,0,0,0,0,0,0,0,0,0,0,0,0, ,0,0,0,0, , ,0,0,0,2,"2005, 2006",0,734.73,734.73,0,0,1,4,1,N,N,N,Y,D, ,N,N,N,N,N,6,Y,Y,N,Y,Y,N,N,N,N,N,N,N, ,P-022,Basil Grover Park,0,0,0,{AEEFC98D-B206-45F8-8276-1287C8581A67},52053.6890292,931.142803036007
8278,25,75 Cliftonvale Ave,0,0,0,0,0,0,0,0,0,0,0,0,0,0,0,0,1,0,0,0, ,0,0,0,0, , ,0,1,0,1,2024,0,385.42,385.42,1,0,0,4,1,N,N,N,Y,N, ,N,N,N,N,N,9,2,Y,N,N,Y,Y,N,N,N,N,N,N, ,P-024,Murray Park,0,0,0,{11692EB4-B953-4073-9372-883C7C842C7A},13170.25076264,529.799054512975
8279,26,16 Fernley Ave,0,10,1,0,0,0,0,0,0,1,0,0,0,0,0,0,0,0,0,0, ,0,0,0,0, , ,0,0,0,0, ,0,145.15,145.15,1,0,0,0,0,N,N,N,N,N, ,N,N,N,N,N,0,N,N,N,N,N,N,N,N,N,N,N,N, ,P-025,Kensington Park,0,0,0,{C0B9B6DF-357A-4B0F-A8B3-25BB3BC97411},19319.14862264,613.232857959973
8285,32,1308 Norman Ave,35,61,1,0,0,0,0,0,0,1,0,0,0,0,0,0,1,0,0,0, ,0,2,0,0,Byron Community Pool,Outdoor,1,0,0,1,2021,0,273.38,273.38,0,0,0,4,1,N,Y,N,N,D,"HALL, MEETING ROOMS",N,N,N,N,N,0,N,Y,N,Y,Y,Y,N,N,N,N,N,N, ,P-029,Jorgenson Park,0,0,1,{08EBDB12-0EE1-4411-8862-7160A012AED5},25760.74480088,937.064346224857
8287,34,100 Wychwood Pk,0,2,0,0,0,0,0,0,0,0,0,0,0,0,0,0,0,0,0,0, ,0,2,0,0, , ,0,0,0,0, ,0,0,0,0,0,0,0,0,N,N,N,N,N, ,N,N,N,N,N,0,Y,N,N,Y,Y,N,N,N,N,N,N,N, ,P-031,A. L. Furanna Park,0,0,0,{5C15169C-9447-4E9C-9447-D7CB36F69C57},21646.82022784,706.830049574528
8288,35,360 Colville Blvd,0,0,0,0,0,0,0,0,0,0,0,0,0,0,0,0,0,0,0,0, ,0,0,0,0, , ,0,0,0,0, ,0,103.53,103.53,0,0,0,4,1,N,N,N,N,N, ,N,N,N,N,N,1,N,N,N,N,N,N,N,N,N,N,N,N, ,P-032,Colville Park,0,0,0,{D87CEABD-AC34-46D6-A19B-B06009F7C877},4540.45035842,284.334389634038
8291,39,10 Hazelwood Ave,36,3,1,0,0,0,0,0,0,1,0,0,0,0,0,0,0,0,0,0, ,0,0,0,0,Southcrest Park Community Pool,Outdoor,1,0,0,1,2010,0,228.82,228.82,0,0,0,0,0,N,N,N,N,N, ,N,N,N,N,N,6,Y,Y,N,Y,Y,Y,N,N,N,N,N,N, ,P-036,Southcrest Park,0,0,0,{0454F87E-D558-405D-B7F8-2B00C218CB2A},20343.13837568,734.262237398259
8292,40,290 Trott Dr,0,0,0,0,0,0,0,0,0,0,0,0,0,0,0,0,1,0,0,0, ,0,0,0,0, , ,0,1,0,1,2004,0,266.79,266.79,0,0,0,4,1,N,N,N,Y,N, ,N,N,N,N,N,2,N,Y,N,N,Y,N,N,N,N,N,N,Y, ,P-037,University Heights Park,0,0,0,{60909D7A-50A2-4E43-A160-A1DE6D9B0384},16969.940596885,679.385756839418
8295,43,149 Odessa Ave,0,0,0,0,0,0,0,0,0,0,0,0,0,0,0,0,0,0,0,0, ,0,0,0,0, , ,0,0,0,0, ,0,0,0,0,0,0,0,0,N,N,N,N,N, ,N,N,N,N,N,0,N,N,N,N,N,N,N,N,N,N,N,N, ,P-041,Odessa Park,0,0,0,{F31746FF-CF8E-4C5C-8076-9D0D9AF68F41},9555.14730744,399.302120783906
8296,44,713 Butler Ave,0,0,0,0,0,0,0,0,0,0,0,0,0,0,0,0,0,0,0,0, ,0,0,0,0, , ,0,0,0,0, ,0,0,0,0,0,0,0,0,N,N,N,N,N, ,N,N,N,N,N,0,N,N,N,N,N,N,N,N,N,N,N,N, ,P-042,Butler Park,0,0,0,{6A64DAB6-DD71-4FDB-8FB4-39C9C94CD9C8},13451.000416,558.906377732804
8297,45,188 Base Line Rd W,0,0,0,0,0,0,0,0,0,0,0,0,0,0,0,0,0,0,0,0, ,0,0,0,0, , ,0,0,0,0, ,855.56,0,855.56,0,0,0,0,0,N,N,N,N,E, ,N,N,N,N,N,0,N,N,N,N,N,N,N,N,N,N,N,N, ,P-043,Southcrest Ravine,0,0,0,{57A661F4-D7C7-45E4-BC7B-539EC056F4C4},66070.88095246,2190.61037483628
8298,46,651 Westwood Dr,0,0,0,0,0,0,0,0,0,0,0,0,0,0,0,0,0,0,0,0, ,0,0,0,0, , ,0,0,0,0, ,0,73.53,73.53,0,0,0,4,1,N,N,N,N,N, ,N,N,N,N,N,1,N,N,N,Y,N,N,N,N,N,N,N,N, ,P-044,Mitchell Park,0,0,0,{7B5C0184-DFC7-41EC-860D-F9AEA6274B69},8578.72330688,440.200994872095
8299,47,50 Rollingwood Cir,0,0,0,0,0,0,0,0,0,0,0,0,0,0,0,0,0,0,0,0, ,0,0,0,0, , ,0,0,0,0, ,0,0,0,0,0,0,0,0,N,N,N,N,N, ,N,N,N,N,N,0,N,N,N,N,N,N,N,N,N,N,N,N, ,P-045,Rollingwood Circle Park,0,0,0,{4B990609-FFBD-4968-9E9D-64DBC67F73CE},8793.10130227,420.374618554244
8300,48,108 Lonsdale Dr,0,0,0,0,0,0,0,0,0,0,0,0,0,0,0,0,0,0,0,0, ,0,0,0,0, , ,0,0,0,0, ,0,0,0,0,0,0,0,0,N,N,N,N,N, ,N,N,N,N,N,0,N,N,N,N,N,N,N,N,N,N,N,N, ,P-046,Gretna Green Park,0,0,0,{DEFC679A-61EE-44A8-8226-760D15C7AD65},4085.43118224,260.5348017135
8301,49,881 Kelly St,0,0,0,0,0,0,0,0,0,0,0,0,0,0,0,0,0,0,0,0, ,0,0,0,0, , ,0,0,0,0, ,0,276.81,276.81,0,0,0,0,0,N,N,N,N,N, ,N,N,N,N,N,0,N,N,N,N,N,N,N,N,N,N,Y,N, ,P-047,Kelly Park,0,0,0,{FF329C2B-1100-46F9-BFBF-D623E47A403B},17723.62175952,731.637357886801
8302,50,46 Wood St,0,0,0,0,0,0,0,0,0,0,0,0,0,0,0,0,0,0,0,0, ,0,0,0,0, , ,0,0,0,0, ,72.73,0,72.73,0,0,0,0,0,N,N,N,N,N, ,N,N,N,Y,N,0,N,N,N,Y,N,N,N,N,N,N,Y,N, ,P-048,Wood Street Park,0,0,0,{2E52C1B8-4D4B-4509-BE2B-7129882E7490},2021.0807172,272.314459176424
8303,51,671 Viscount Rd,0,0,0,0,0,0,0,0,0,0,0,0,0,0,0,0,0,0,0,0, ,0,1,0,0, , ,0,0,0,1,2000,0,375.5,375.5,0,0,0,2,1,N,N,N,N,N, ,N,N,N,N,N,4,Y,N,N,N,N,N,N,N,N,N,N,N, ,P-049,Arthur Ford Park,0,0,2,{4428841E-BC18-491D-9C3B-343D9F459D15},30666.368078555,769.068955620294
8309,57,510 Berkshire Dr,0,0,0,0,0,0,0,0,0,0,0,0,0,0,0,0,0,0,0,0, ,0,0,0,0, , ,0,0,0,1,2003,0,492.41,492.41,0,0,0,2,1,N,N,N,N,N, ,N,N,N,N,N,3,N,N,N,N,N,N,N,N,N,N,Y,Y, ,P-056,Berkshire Park,0,0,0,{B057A7E4-B6D7-4973-B955-C1C396B8EDF8},31568.210558945,1055.246949937
8310,58,1207 Royal York Rd,0,0,0,0,0,0,0,0,0,0,1,0,1,0,0,0,0,0,0,0, ,0,0,0,0, , ,0,0,0,1,2001,0,806.61,806.61,0,0,0,2,1,N,N,N,N,N, ,N,N,N,N,N,1,N,N,N,Y,Y,N,N,N,Y,N,N,N, ,P-057,Oak Park,1,0,0,{B3DAAB7A-166C-499C-9E90-232FC4D246EC},31962.26775383,1490.82151148786
8311,59,429 Village Green Ave,0,0,0,0,0,0,0,0,0,0,0,0,0,0,0,0,0,0,0,0, ,0,0,0,0, , ,0,0,0,1,2000,0,363.31,363.31,0,0,0,4,1,N,N,N,N,N, ,N,N,N,Y,N,2,3,N,N,1,Y,N,N,N,N,N,N,N, ,P-059,Village Green Park,0,0,0,{18D3AB92-4A92-4280-8BAA-7248ABC0023E},21295.12229552,722.363014614739
8312,60,151 Sunnyside Dr,0,0,0,0,0,0,0,0,0,0,0,0,0,0,0,0,0,0,0,0, ,0,0,0,0, , ,0,0,0,0, ,0,0,0,0,0,0,0,0,N,N,N,N,O, ,N,N,N,N,N,0,N,N,N,N,N,N,N,N,N,N,N,N, ,P-060,Tallwood Valley,0,0,0,{9219036C-1F42-4788-8B3F-3972040E6D41},35093.57083355,1312.55735496681
8315,63,699 Thornwood Dr,0,0,0,0,0,0,0,0,0,0,0,0,0,0,0,0,0,0,0,0, ,0,0,0,0, , ,0,0,0,1,2002,0,212.6,212.6,0,0,0,2,1,N,N,N,N,N, ,N,N,N,N,N,1,N,N,N,Y,N,N,N,N,N,N,Y,N, ,P-063,Thornwood Park,0,0,0,{D4760265-6953-4607-8BFD-0DBE0BB903CC},19034.27271824,620.681517229395
8316,64,150 Chelsea Ave,64,0,0,0,0,0,0,0,0,0,0,0,0,0,0,0,3,0,0,0, ,0,0,0,0, , ,0,0,0,2,"1999, 2010",0,268.53,268.53,0,0,0,2,1,N,N,N,N,N, ,N,N,N,N,N,4,N,N,N,Y,Y,N,N,N,N,N,Y,N, ,P-064,Kensal Park,0,0,0,{07AE32B9-5CCD-4CF3-A403-ADB5A694D34E},59240.262762805,1457.43073810747
8317,65,65 Hartson Rd,0,0,0,0,0,0,0,0,0,0,0,0,0,0,0,0,0,0,0,0, ,0,1,0,0, , ,0,0,0,0, ,0,0,0,0,0,0,0,0,N,N,N,N,N, ,N,N,N,N,N,0,N,N,N,N,N,N,N,N,N,N,N,N, ,P-065,St. Anthony's Park,0,0,0,{EB4B253A-2195-4930-9C6C-C05432E4A320},10253.50863496,558.4296600312
8329,77,80 Longview Crt,0,0,0,0,0,0,0,0,0,0,0,0,0,0,0,0,0,0,0,0, ,0,0,0,0, , ,0,0,0,0, ,0,0,0,0,0,0,0,0,N,N,N,N,O, ,N,N,N,N,N,0,N,N,N,N,N,N,N,N,N,N,N,N, ,P-084,Longview Park / Longview Trail,0,0,0,{37FD2B9D-33AC-4910-AC33-4965083E207C},2518.733347785,532.255569052177
8331,79,510 Gainsborough Rd,0,0,0,0,0,0,0,0,0,0,0,0,0,0,0,0,0,0,0,0, ,0,0,0,0, , ,0,0,0,0, ,276.82,0,276.82,0,0,0,0,0,N,N,N,N,O, ,N,N,N,N,N,0,N,N,N,N,N,N,N,N,N,N,N,N, ,P-089,Gainsborough Valley Park,0,0,0,{D7557534-3F2E-4B61-85DF-CE189D451849},20382.1278399,1095.33397418215
8332,80,427a Castlegrove Blvd,0,0,0,0,0,0,0,0,0,0,0,0,0,0,0,0,0,0,0,0, ,0,0,0,0, , ,0,0,0,0, ,189.12,61.89,251.01,0,0,0,2,1,N,N,N,N,N, ,N,N,N,N,N,1,N,N,N,N,Y,N,N,N,N,N,N,N, ,P-093,Peppertree Park,0,0,0,{35F211DB-0F6D-4AA8-864E-8770C97E450D},15064.6871936,793.88926603454
8334,82,5 St Lawrence Blvd,30,0,0,0,0,0,0,0,0,0,0,0,0,0,0,0,1,0,0,0, ,0,0,0,0, , ,0,0,0,1,2023,0,80.68,80.68,0,0,0,2,1,N,N,N,N,N, ,N,N,N,N,N,1,N,N,N,N,Y,N,N,N,N,N,N,N, ,P-095,St. Lawrence Park,0,0,0,{0D0B7B7D-79CD-43AF-B83E-5431BFEFCB48},17525.48024988,585.192426028304
8337,85,784 Viscount Rd,40,0,1,0,0,0,0,0,0,1,1,0,1,0,0,0,0,0,0,0, ,0,0,0,0, , ,0,0,0,1,2021,0,1287.58,1287.58,0,0,0,0,0,N,N,N,N,N, ,N,N,N,N,N,1,Y,N,N,Y,Y,N,N,N,N,N,N,N, ,P-099,Westmount Lions Park,0,0,0,{83DF0E07-342B-4796-ADAC-E32C8FA5AAF8},71515.085749255,2623.14325533394
8340,88,385 Grand View Ave,0,0,0,0,0,0,0,0,0,0,0,0,0,0,0,0,1,0,0,0, ,0,0,0,0, , ,0,0,0,1,2019,269.4,218.84,488.24,0,0,0,4,1,N,N,N,N,N, ,N,N,N,N,N,2,N,N,N,Y,N,N,N,N,N,N,N,N, ,P-102,Grand View Park,0,0,0,{7BF120B4-A47A-43B7-8471-AA1BA1040E1D},27439.209404455,882.528397642374
8344,92,561 Griffith St,0,0,0,0,0,0,0,0,0,0,0,0,0,0,0,0,0,0,0,0, ,0,0,0,0, , ,0,0,0,1,2020,0,228.78,228.78,0,0,0,0,0,N,N,N,N,N, ,N,N,N,N,N,2,N,N,N,N,N,N,N,N,N,N,N,N, ,P-106,Griffith Street Park,0,0,0,{D62C8BE1-F70D-459A-806E-EA144612EB92},22934.676824635,726.983398728117
8346,94,427 Wonderland Rd S,0,0,0,0,0,0,0,0,0,0,0,0,0,0,0,0,0,0,0,0, ,0,0,0,0, , ,0,0,0,0, ,0,0,0,0,0,0,0,0,N,N,N,N,O, ,N,N,N,N,N,0,N,N,N,N,N,N,N,N,N,N,N,N, ,P-108,Wonderland Road Park,0,0,0,{56365B99-FDEE-4F24-A4B0-3CE7C6BC290A},673.40967369,119.884918142782
8352,100,30 McDonald Ave,0,0,0,0,0,0,0,0,0,0,0,0,0,0,0,0,0,0,0,0, ,0,0,0,0, , ,0,0,0,0, ,0,0,0,0,0,0,0,0,N,N,N,N,N, ,N,N,N,N,N,0,N,N,N,N,N,N,N,N,N,N,N,N, ,P-114,Essex Park,0,0,0,{D898C008-B5F1-41A9-8651-6D140AADF83B},9803.82179024,646.257044448075
8354,102,196 Mcmaster Dr,0,0,1,0,0,0,0,0,0,1,0,0,0,0,0,0,0,0,0,0, ,0,0,0,0, , ,0,0,0,0, ,197.47,740.2,937.67,0,0,0,0,0,N,N,N,N,N, ,N,N,N,N,N,0,N,N,N,N,N,N,N,N,N,N,N,N, ,P-117,Westmount Park,0,0,0,{DD262044-A0A5-4E66-933F-ACEC4D708A19},37873.84265896,1092.3019029423
8356,104,90 Mackay Ave,0,30,0,0,0,0,0,0,0,0,0,0,0,0,0,0,0,0,0,0, ,0,0,0,0, , ,0,0,0,0, ,1659.81,0,1659.81,0,0,0,0,0,N,N,N,N,E, ,N,N,N,N,N,0,N,N,N,N,N,N,N,N,N,N,N,N, ,P-119,Euston Park,0,0,0,{FD033061-DB64-4396-B11B-0E856F950E6C},132280.58023688,2186.59489232034
8360,108,1250 Richmond St,0,16,0,0,0,0,0,0,0,0,0,0,0,0,0,0,0,0,0,0, ,0,0,0,0, , ,0,0,0,0, ,0,982.91,982.91,0,0,0,0,0,N,N,N,N,D, ,N,N,N,N,N,1,N,N,N,Y,Y,N,N,N,N,N,N,N, ,P-123,Ross Park,0,0,0,{C701E1C7-455B-459F-8AB9-36BE564EABE0},69748.27544872,1755.76935046326
8361,109,2225 Colonel Talbot Rd,0,0,0,0,0,0,0,0,0,0,0,0,0,0,0,0,0,0,0,0, ,0,0,0,0, , ,0,0,0,0, ,0,0,0,0,0,0,0,0,N,N,N,N,O, ,N,N,N,N,N,0,N,N,N,N,N,N,N,N,N,N,N,N, ,P-124,Byron View Park,0,0,0,{C33FFA57-F5A4-44C5-A2F9-4B5DD9F9F4B5},106002.24268103,2179.64611489167
8366,114,25 Fourwinds Rd,0,0,0,0,0,0,0,0,0,0,0,0,0,0,0,0,0,0,0,0, ,0,0,0,0, , ,0,0,0,1,2022,0,118.72,118.72,0,0,0,2,1,N,N,N,N,W, ,N,N,N,N,N,1,N,N,N,Y,Y,N,N,N,N,N,N,N, ,P-129,Somerset Woods,0,0,0,{E5CC72BD-E492-4287-B5B4-5AE2184C1FDF},64853.18094452,2005.81414163939
8369,117,996 Thistledown Way,0,0,2,0,0,0,0,0,0,2,0,0,0,0,0,0,0,0,0,0, ,0,0,0,0, , ,0,0,0,0, ,0,58.3,58.3,0,0,0,0,0,N,N,N,N,N, ,N,N,N,N,N,0,N,N,N,N,N,N,N,N,N,N,N,N, ,P-132,Thistledown Park,0,0,0,{0AA0D61B-3934-431F-928F-AF3753707058},19374.97958656,631.514456099362
8370,118,500 Hyde Park Rd,0,0,0,0,0,0,0,0,0,0,0,0,0,0,0,0,0,0,0,0, ,0,0,0,0, , ,0,0,0,0, ,215.28,533.09,748.37,0,0,0,0,0,N,N,N,N,E, ,N,N,N,N,N,0,N,N,N,N,N,N,N,N,N,N,N,N, ,P-133,Hyde Park Woods,0,0,0,{13776D3C-9558-4E18-BFE0-60EE402D5B02},38039.055461595,1056.82915567995
8371,119,102 Brandy Lane Rd,0,0,0,0,0,0,0,0,0,0,1,0,0,0,0,0,0,0,0,0, ,0,0,0,0, , ,0,0,0,2,2012/2019,0,629.15,629.15,0,0,0,2,1,N,N,N,N,N,BIKE RACK,N,N,N,N,N,6,N,N,N,Y,Y,N,N,N,N,N,Y,N, ,P-134,Gainsborough Meadows,0,0,0,{AF332301-908B-4016-80D6-3F15B90EE1F4},29983.11007612,930.128321465096
8372,120,80 Chalet Cres,0,0,0,0,0,0,0,0,0,0,0,0,0,0,0,0,0,0,0,0, ,0,0,0,0, , ,0,0,0,1,2008,0,782.01,782.01,0,0,0,2,1,N,N,N,N,N,LOOK OUT (WALL & ARBOR),N,N,N,N,N,0,N,N,N,Y,Y,N,N,N,N,N,N,N, ,P-135,Scenic View Park,0,0,0,{0FA28BDA-4D2C-40E0-9BF2-771589C16B03},70182.627822815,2343.46028913726
8373,121,730 Proudfoot Lane,0,0,0,0,0,0,0,0,0,0,0,0,0,0,0,0,0,0,0,0, ,0,0,0,0, , ,0,0,0,0, ,0,0,0,0,0,0,0,0,N,N,N,N,O, ,N,N,N,N,N,0,N,N,N,N,N,N,N,N,N,N,N,N, ,P-139B,Proudfoot Park - East,0,0,0,{E31C78A2-CEAA-4EFC-A4E3-2F8DD4452DC6},16812.60864258,676.775550444383
8374,122,693 Proudfoot Lane,0,0,0,0,0,0,0,0,0,0,0,0,0,0,0,0,0,0,0,0, ,0,0,0,0, , ,0,0,0,0, ,0,0,0,0,0,0,0,0,N,N,N,N,O, ,N,N,N,N,N,0,N,N,N,N,N,N,N,N,N,N,N,Y, ,P-139A,Proudfoot Park - West,0,0,0,{7BBCEF36-9370-420F-984A-7280BA63B1AF},19491.627664825,724.037599187055
8375,123,580 Boler Rd,0,0,0,0,0,0,0,0,0,0,0,0,0,0,0,0,0,0,0,0, ,0,0,0,0, , ,0,0,0,0, ,0,82.65,82.65,0,0,0,0,0,N,N,N,N,O, ,N,N,N,N,N,0,N,N,N,N,N,N,N,N,N,N,N,N, ,P-140,Boler Road Park,0,0,0,{F202BE86-85DF-4E9D-A815-4C3C182E5C9C},3648.928437615,474.971162164678
8377,125,430 Hyde Park Rd,40,0,1,0,0,0,0,0,0,1,1,0,1,0,0,0,2,0,0,0, ,0,0,0,0, , ,0,0,0,1,2024,0,225.65,225.65,0,0,0,2,1,N,N,N,N,N, ,N,N,N,N,N,1,N,N,N,Y,Y,N,N,N,N,N,N,N, ,P-142,Hazelden Park,0,0,0,{5D3CFE3D-3D13-49BF-833D-CCDC83CD0469},37530.991768835,934.503333997144
8378,126,200 Cavendish Cres,0,0,0,0,0,0,0,0,0,0,0,0,0,0,0,0,0,0,0,0, ,0,0,0,0, , ,0,0,0,1,2022,1551.21,553.17,2104.38,0,0,0,4,1,N,N,N,N,O, ,N,N,N,N,N,11,N,N,N,Y,N,N,N,N,N,N,N,N, ,P-144A,Cavendish Park,0,0,0,{4645720D-C001-411A-B7D8-9EB1E83CDFC7},126969.279885105,3396.52504869786
8387,135,552 Crestwood Dr,30,0,0,0,0,0,0,0,0,0,0,0,0,0,0,0,0,0,0,0, ,0,0,0,0, , ,0,0,0,0, ,0,0,0,0,0,0,0,0,N,N,N,N,O, ,N,N,N,N,N,0,N,N,N,N,N,N,N,N,N,N,N,Y, ,P-152,Garden Plots,0,0,0,{2C1B3CA4-8A93-459E-BBE1-B1EF3142EA95},40553.5634567,949.237378750742
8388,136,328 Castlegrove Blvd,30,0,0,0,0,0,0,0,0,0,0,0,0,0,0,0,1,0,0,0, ,0,0,0,0, , ,0,0,0,1,2000,0,542.23,542.23,1,0,0,2,1,N,N,N,N,N,ADULT FITNESS EQUIPMENT - 2018,N,N,N,N,N,3,N,N,N,N,Y,N,N,N,Y,N,Y,N, ,P-153,Chesham Heights Park,0,0,0,{6EB15B56-0FB3-4002-95E8-DBFD79C23D9B},37305.50460256,879.915929163511
8389,137,741 Lenore St,0,0,0,0,0,0,0,0,0,0,0,0,0,0,0,0,1,0,0,0, ,0,0,0,0, , ,0,0,0,0, ,0,0,0,0,0,0,0,0,N,N,N,N,N, ,N,N,N,N,N,0,N,N,N,N,N,N,N,N,N,N,N,N, ,P-154,Belmont Park,0,0,0,{1CBDE39A-95BF-4E38-B314-16AEA3A3CA6B},7848.16620274,424.571895201096
8393,141,457 Belvedere Pl,0,0,0,0,0,0,0,0,0,0,0,0,0,0,0,0,0,0,0,0, ,0,0,0,0, , ,0,0,0,1,2022,0,0,0,0,0,0,0,1,N,N,N,N,N, ,N,N,N,N,N,0,N,N,N,Y,N,N,N,N,N,N,N,Y, ,P-158,Belvedere Place Park,0,0,0,{BCCC6668-5666-4FDF-8125-CDED7C1D7589},6231.290975115,387.938609446105
8394,142,1560 Commissioners Rd W,0,0,0,0,0,0,0,0,0,0,0,0,0,0,0,0,0,0,0,0, ,0,0,0,0, , ,0,0,0,0,,3637.83,734.79,4372.62,0,0,0,0,0,N,N,N,N,E, ,N,N,N,N,N,0,N,N,N,N,N,N,N,N,N,N,N,N, ,P-159,Warbler Woods ESA,0,0,0,{F7BF7808-9039-4A47-AE45-AC73EACCB99A},403102.64746655,6641.46641177199
8395,143,69 Lynngate Grove,0,0,0,0,0,0,0,0,0,0,0,0,0,0,0,0,0,0,0,0, ,0,0,0,0, , ,0,0,0,1,1999,0,38.12,38.12,0,0,0,2,1,N,N,N,N,N, ,N,N,N,N,N,0,N,N,N,N,N,N,N,N,N,N,N,N, ,P-160,Lynngate Grove Park,0,0,0,{FF8877C2-6466-4E1D-AB5C-3B28FE908E31},6655.61190256,341.078000852437
8399,147,11 Ruskin Crt,0,0,0,0,0,0,0,0,0,0,0,0,0,0,0,0,0,0,0,0, ,0,0,0,0, , ,0,0,0,0, ,0,0,0,0,0,0,0,0,N,N,N,N,N, ,N,N,N,N,N,0,N,N,N,N,N,N,N,N,N,N,N,N, ,P-164,Ruskin Park,0,0,0,{99FB49E0-5BD6-4153-9222-BB11540469D1},3117.198453225,214.774317666984
8402,150,35 Quinella Dr,0,0,0,0,0,0,0,0,0,0,0,0,0,0,0,0,0,0,0,0, ,0,0,0,0, , ,0,0,0,1,2021,0,83.99,83.99,0,0,0,0,0,N,N,N,N,N, ,N,N,N,N,N,1,N,N,N,N,Y,N,N,N,N,N,Y,N, ,P-168,Rosecliffe Park,0,0,0,{60ADC5B4-70E8-492D-9DD7-F77816458F7F},16884.423981775,741.022040203521
8403,151,731 Viscount Rd,0,20,1,0,0,0,1,0,0,0,2,0,2,0,0,0,2,0,0,0, ,0,0,0,0, , ,0,0,1,1,2020,56.96,1596.35,1653.31,0,1,0,6,2,N,N,N,Y,D, ,N,N,N,N,N,5,Y,Y,N,Y,Y,N,N,N,N,N,N,N, ,P-169,Jesse Davidson Park,0,0,0,{DBE457FF-EE75-4C08-B4E4-82750D36F1EA},70682.422933745,1418.51194826837
8404,152,645 Springbank Dr,0,0,0,0,0,0,0,0,0,0,0,0,0,0,0,0,0,0,0,0, ,0,0,0,0, , ,0,0,0,0, ,0,351.51,351.51,0,0,0,0,0,N,Y,N,N,C, ,N,N,N,N,N,2,Y,N,N,Y,Y,Y,N,N,N,N,N,N, ,P-171,Civic Gardens Centre Complex,0,0,0,{2A72B49F-3A02-4B35-9E69-2F5130FCB36A},64022.003205875,1326.14418092921
8409,157,211 Whisperwood Ave,0,0,1,0,0,0,0,0,0,1,0,0,0,0,0,0,1,0,0,0, ,0,0,0,1, , ,0,0,0,1,2013,0,263.85,263.85,0,0,0,2,1,N,N,N,N,N, ,N,N,N,N,N,2,N,N,N,Y,N,N,Y,N,N,N,N,N, ,P-177,Whisperwood Park,0,0,1,{CA9E910A-09AF-42E2-B30D-C23FBCE598DB},44772.05376264,1302.63387667119
8411,159,63 Meadowridge Rd,0,0,0,0,0,0,0,0,0,0,0,0,0,0,0,0,0,0,0,0, ,0,0,0,0, , ,0,0,0,1,2011,0,389.03,389.03,1,0,0,2,1,N,N,N,N,N, ,N,N,N,N,N,3,N,N,N,Y,Y,N,N,N,N,N,N,N, ,P-180,Huntington Park,0,0,0,{C9B513E9-1108-45A4-8277-36F0FF620E9B},16251.44597184,601.931672852075
8418,166,104 Parks Edge Cres,0,0,0,0,0,0,0,0,0,0,1,0,0,0,0,0,0,0,0,0, ,0,0,0,0, , ,0,0,0,1,2000,0,389.67,389.67,0,1,0,2,1,N,N,N,N,N, ,N,N,N,N,N,0,N,N,N,N,Y,N,N,N,N,N,Y,N, ,P-190,Cresthaven Park,0,0,0,{B43AD234-5132-4300-8EA5-C152B567C634},39575.40250276,880.077153213585
8428,176,48 Hawthorne Rd,0,46,1,0,0,0,0,0,0,1,0,0,0,0,0,0,1,0,0,0, ,0,0,0,0, , ,0,0,0,2,2014,0,1036.9,1036.9,0,0,0,10,3,N,N,N,N,N,Climbing Net,N,N,N,N,N,6,N,N,N,Y,Y,N,N,N,N,N,N,Y, ,P-201,Norwest Optimist Park,0,0,0,{80E16B1B-2FEC-49B5-8706-673FCA550361},63814.13944778,1504.65160434371
8429,177,1830 Aldersbrook Rd,0,40,1,0,0,0,1,0,0,0,0,0,0,0,0,0,1,0,0,0, ,0,0,0,0, , ,0,0,0,2,2022,0,822.87,822.87,0,0,0,4,2,N,N,N,N,N, ,N,N,N,N,N,4,N,N,N,Y,Y,Y,N,N,N,N,Y,Y, ,P-202,Jaycee Park,0,0,0,{8971DDF7-93DA-449C-BA38-C9B5CFE61A86},52579.59431386,1180.37736622425
8430,178,161 Empress Ave,0,0,0,0,0,0,0,0,0,0,0,0,0,0,0,0,0,0,0,0, ,0,0,0,0, , ,0,0,0,1,2020,0,202.01,202.01,0,0,0,4,1,N,N,N,N,N, ,N,N,N,N,N,4,N,N,N,N,Y,N,N,N,N,N,N,N, ,P-203,Empress Avenue Park,0,0,0,{611C6829-DFD0-487E-ACB6-2D7B55F2FBFE},9644.278332,528.568016796328
8432,180,17 Becher St,0,0,0,0,0,0,0,0,0,0,0,0,0,0,0,0,0,0,0,0, ,0,0,0,0, , ,0,0,0,1,2002,304.94,686.77,991.71,0,0,0,2,1,N,N,N,N,N,READING GARDEN,N,N,N,N,N,2,Y,N,N,Y,N,N,N,N,N,N,Y,Y, ,P-205A,River Forks Park,0,0,0,{A1A1FE67-E499-4A10-A1F8-1790BC25BF34},23226.339396295,973.557300937197
8433,181,15 Wharncliffe Rd S,0,0,0,0,0,0,0,0,0,0,0,0,0,0,0,0,0,0,0,0, ,0,0,0,0, , ,0,0,0,0, ,0,138.9,138.9,0,0,0,0,0,N,N,N,N,O, ,N,N,N,N,N,0,N,N,N,Y,N,N,N,N,N,N,N,N, ,P-205B,River Forks Park - West,0,0,0,{D43E371F-4FB3-4684-AF01-16057C667983},3396.07281423,276.682291232734
8441,189,257 Ambleside Dr,0,0,0,0,0,0,0,0,0,0,0,0,0,0,0,0,0,0,0,0, ,0,2,0,0, , ,0,0,0,1,2020,383.42,1081.43,1464.85,0,1,0,2,1,N,N,N,N,N, ,N,N,N,N,N,3,N,N,N,N,Y,N,N,N,N,N,N,N, ,P-213,Ambleside Park,0,0,1,{238558A2-0728-4B8D-9E43-4D818E07D30E},56772.448863155,2089.6721267773
8448,196,1070 Quinton Rd,0,40,0,0,0,0,0,0,0,0,0,0,0,0,0,0,2,0,0,0, ,0,0,0,0, , ,0,0,0,0, ,0,186.02,186.02,0,0,0,0,0,N,N,N,N,N, ,N,N,N,N,N,0,N,N,N,N,Y,N,Y,N,N,N,N,N, ,P-220,Westdale Park,0,0,0,{7160A835-8E05-4094-8FCA-A64096DCEC90},18196.71781896,651.982067851556
8449,197,1040 Viscount Rd,0,0,0,0,0,0,0,0,0,0,0,0,0,0,0,0,0,0,0,0, ,0,0,0,0, , ,0,0,0,0, ,277.99,0,277.99,0,0,0,0,0,N,N,N,N,W, ,N,N,N,N,N,0,N,N,N,N,N,N,N,N,N,N,N,N, ,P-221,Viscount Woods,0,0,0,{8D2CDB90-B060-4399-9EBB-8E47A5932397},34955.48434372,765.608777323529
8450,198,635 Boler Rd,0,0,0,0,0,0,0,0,0,0,0,0,0,0,0,0,0,0,0,0, ,0,0,0,0, , ,0,0,0,0, ,0,370.08,370.08,0,0,0,0,0,N,N,N,N,W, ,N,N,N,N,N,0,N,N,N,N,N,N,N,N,N,N,N,N, ,P-222,Crestwood Woods,0,0,0,{E028CC5D-AA61-43F1-AB57-66A673EA24EA},42196.96985928,1639.70426631526
8451,199,520 Hutton Pl,0,0,0,0,0,0,0,0,0,0,0,0,0,0,0,0,0,0,0,0, ,0,0,0,0, , ,0,0,0,0, ,0,0,0,0,0,0,0,0,N,N,N,N,O, ,N,N,N,N,N,0,N,N,N,N,N,N,N,N,N,N,N,N, ,P-223,Hutton Park,0,0,0,{9A9DC37F-0BC8-4625-9A98-521DAB0878FB},2350.80302713,209.655598237053
8461,209,457 Riverside Dr,0,0,0,0,0,0,0,0,0,0,0,0,0,0,0,0,0,0,0,0, ,0,0,0,0, , ,0,0,0,0, ,0,0,0,0,0,0,0,0,N,N,N,N,O, ,N,N,N,N,N,0,N,N,N,N,N,N,N,N,N,N,N,N, ,P-235,Braemar Block,0,0,0,{A5C180F8-96CD-4A75-B3DD-45906EA3CDB6},1279.09733726,361.792749575681
8462,211,626 Wonderland Rd N,0,0,0,0,0,0,0,0,0,0,0,0,0,0,0,0,0,0,0,0, ,0,0,0,0, , ,0,0,0,0, ,470.27,621.47,1091.74,0,0,0,0,0,N,N,N,N,O, ,N,N,N,N,N,2,N,N,N,N,N,N,N,N,N,N,N,N, ,P-241,North Mud Creek,0,0,0,{C8D65265-81CC-4271-84FF-B599EEB6406C},27439.50760632,1387.66300773623
8464,213,67 Springbank Dr,0,0,0,0,0,0,0,0,0,0,1,0,1,0,0,0,0,0,0,0, ,0,0,0,0, , ,0,0,0,0, ,0,36.15,36.15,0,0,0,0,0,N,N,N,N,N, ,N,N,N,N,N,0,N,N,N,N,N,N,N,N,N,N,Y,N, ,P-243,Springbank Flats,0,0,0,{9FF4E8A5-FD53-499B-94F0-628D9A3EDAA1},18739.51141751,748.873757946792
8465,214,60 Evergreen Ave,0,0,0,0,0,0,0,0,0,0,0,0,0,0,0,0,0,0,0,0, ,0,0,0,0, , ,0,0,0,1, 2019,0,309.66,309.66,1,0,0,2,1,N,N,N,N,N, ,N,N,N,N,N,4,N,N,N,N,Y,Y,N,N,N,N,N,N, ,P-244,Evergreen Park,0,0,0,{7A8AB246-8E8E-4B78-B0C5-FD614F6F4BBB},30562.32753622,1438.43378134783
8466,215,1017 Western Rd,0,0,0,0,0,0,0,0,0,0,0,0,0,0,0,0,0,0,0,0, ,0,0,0,0, , ,0,0,0,0, ,0,0,0,0,0,0,0,0,N,N,N,N,H, ,N,N,N,N,N,0,N,N,N,N,N,N,N,N,N,N,N,N, ,P-245,Grosvenor Lodge,0,0,0,{E81CB40B-6A4A-4CA4-8C11-AF7D397C0837},11151.92147474,626.432583699397
8475,224,910 Commissioners Rd W,0,0,0,0,0,0,0,0,0,0,0,0,0,0,0,0,0,0,0,0, ,0,0,0,0, , ,0,0,0,0, ,0,0,0,0,0,0,0,0,N,N,N,N,O, ,N,N,N,N,N,0,N,N,N,N,N,N,N,N,N,N,N,N, ,P-265,Snake Hill Open Space,0,0,0,{7269EE61-3A54-4702-BE1F-C98AAF415997},4164.56339424,291.265945348797
8480,229,1570 Oxford St W,0,0,0,0,0,0,0,0,0,0,0,0,0,0,0,0,0,0,0,0, ,0,0,0,0, , ,0,0,0,0, ,0,31.08,31.08,0,0,0,0,0,N,N,N,N,O, FOOTBALL FIELD,N,N,N,N,N,0,N,N,N,N,N,N,N,N,N,N,N,N, ,P-276,Oxford Pcp,0,0,0,{BFC50629-C1FD-45B1-A704-DC78488B6968},106794.624280355,1758.74506428907
8483,232,101 Windermere Rd,0,0,0,0,0,0,0,0,0,0,0,0,0,0,0,0,0,0,0,0, ,0,0,0,0, , ,0,0,0,0, ,2624.66,0,2624.66,0,0,0,0,0,N,N,N,N,E, ,N,N,N,N,N,0,N,N,N,N,N,N,N,N,N,N,N,N, ,P-283,Elsie Perrin Williams Estate,0,0,0,{3AD16179-824A-412B-ABBB-12E0D301D9DA},265598.111628,2394.2493322185
8484,233,1424 Corley Dr,0,0,0,0,0,0,0,0,0,0,0,0,0,0,0,0,0,0,0,0, ,0,0,0,0, , ,0,0,0,0, ,0,0,0,0,0,0,0,0,N,N,N,N,E, ,N,N,N,N,N,0,N,N,N,N,N,N,N,N,N,N,N,N, ,P-002A,Medway Valley Heritage Forest Esa - East,0,0,0,{5043B22C-EFC9-4C3D-B14C-A47F29EFA85C},54465.694491475,2539.72380878955
8487,236,250 Halls Mill Rd,0,0,0,0,0,0,0,0,0,0,0,0,0,0,0,0,0,0,0,0, ,0,0,0,0, , ,0,0,0,0, ,0,186.31,186.31,0,0,0,0,0,N,N,N,N,N, ,N,N,N,N,N,0,N,N,N,N,N,N,N,N,N,N,Y,N, ,P-054,Halls Mills Park,0,0,0,{06E43BBC-90D3-4456-B061-988CD6B870D9},16587.46191892,1011.24787493516
8489,239,119 Sherwood Forest Sq,0,54,0,0,0,0,0,0,0,0,0,0,0,0,0,0,0,0,0,0,Medway Arena,1,0,0,0, , ,0,0,0,0, ,0,162.29,162.29,0,0,0,0,0,N,Y,N,N,F, ,N,N,N,N,N,0,N,N,N,N,N,N,N,N,N,N,N,N, ,P-080B,Medway Arena,0,0,0,{4D2AB356-F4B7-4FC7-B384-5B226B5DB6EB},8027.81822147,434.463698188046
8490,240,1045 Wonderland Rd N,0,137,0,0,0,0,0,0,0,0,0,0,0,0,0,0,0,0,0,0, ,0,0,0,0,Canada Games Aquatic Centre Community Pool,Indoor,1,0,0,0, ,0,198.35,198.35,0,0,0,0,0,N,N,N,N,F, ,N,N,N,N,N,1,N,N,N,Y,N,N,N,N,N,N,N,N, ,P-080A,Canada Games Aquatic Centre,0,0,0,{A683CE40-583F-4BFF-9516-1F302DF1133C},15553.440105105,539.418520513736
8494,244,869 Commissioners Rd W,0,12,0,0,0,0,0,0,0,0,0,0,0,0,0,0,2,0,0,0, ,0,0,0,0, , ,0,0,0,0, ,0,885.75,885.75,0,0,0,0,0,N,N,N,Y,N, ,N,N,N,N,Y,1,N,N,N,Y,Y,Y,N,N,N,N,N,N, ,P-085,Reservoir Park,0,0,0,{C65BF34F-03D9-4C62-AAF7-FBB0B0A085C7},189177.2784109,2498.94380503235
8497,247,320 Hyde Park Rd,0,0,0,0,0,0,0,0,0,0,0,0,0,0,0,0,0,0,0,0, ,0,0,0,0, , ,0,0,0,0, ,0,0,0,0,0,0,0,0,N,N,N,N,O, ,N,N,N,N,N,0,N,N,N,N,N,N,N,N,N,N,N,N, ,P-178,Hampton Valley,0,0,0,{06469C9A-B7F9-4ED7-982D-8E0861A0DE80},76193.872111715,3802.20729615075
8500,252,557 Wonderland Rd N,0,0,0,0,0,0,0,0,0,0,0,0,0,0,0,0,0,0,0,0, ,0,0,0,0, , ,0,0,0,0, ,0,0,0,0,0,0,0,0,N,N,N,N,O, ,N,N,N,N,N,0,N,N,N,N,N,N,N,N,N,N,N,N, ,P-237,South Mud Creek,0,0,0,{D40D24E8-0CED-496C-B8B1-EE448D4CAE2F},9318.229385515,503.126833409681
8501,253,130 Briscoe St W,0,0,0,0,0,0,0,0,0,0,0,0,0,0,0,0,0,0,0,0, ,0,0,0,0, , ,0,0,0,0, ,229.43,0,229.43,0,0,0,0,0,N,N,N,N,E, ,N,N,N,N,N,0,N,N,N,N,N,N,N,N,N,N,Y,N, ,P-247,Briscoe Woods,0,0,0,{36214185-9B97-4341-BECA-719EF4574D1B},18562.28644862,1125.36075378323
8504,256,396 Riverside Dr,0,0,0,0,0,0,0,0,0,0,0,0,0,0,0,0,0,0,0,0, ,0,0,0,0, , ,0,0,0,0, ,0,0,0,0,0,0,0,0,N,N,N,N,O, ,N,N,N,N,N,0,N,N,N,N,N,N,N,N,N,N,N,N, ,P-254,Riverside Walk,0,0,0,{119196A6-AE71-4FF5-A780-A034A414D784},16323.37317834,825.157736179093
8505,257,11 Smallman Dr,0,0,0,0,0,0,0,0,0,0,0,0,0,0,0,0,0,0,0,0, ,0,0,0,0, , ,0,0,0,0, ,0,0,0,0,0,0,0,0,N,N,N,N,N, ,N,N,N,N,N,0,N,N,N,N,N,N,N,N,N,N,N,N, ,P-072B,Helen Mott Shaw Park - West,0,0,0,{1208C13F-5DCF-4D56-A0EB-DDC324E1BFAD},2865.98070464,438.138341005608
8506,258,71 Grasmere Cres,0,0,0,0,0,0,0,0,0,0,0,0,0,0,0,0,0,0,0,0, ,0,0,0,0, , ,0,0,0,1,2002,347.41,508.12,855.53,0,0,0,2,1,N,N,N,N,N, ,N,N,N,N,N,0,N,N,N,Y,N,N,N,N,N,N,N,N, ,P-072A,Helen Mott Shaw Park,0,0,0,{AE9E0B5E-2FEF-4FF7-8E47-0EBD57012CC3},44481.950074355,1251.76914401298
8507,259,1955 Aldersbrook Rd,0,0,0,0,0,0,0,0,0,0,0,0,0,0,0,0,0,0,0,0, ,0,0,0,0, , ,0,0,0,0, ,0,488.1,488.1,0,0,0,0,0,N,N,N,N,O, ,N,N,N,N,N,0,N,N,N,N,N,N,N,N,N,N,N,N, ,P-067B,Fox Hollow Ravine - North,0,0,0,{F136D0E1-D200-4B99-9B85-F337D8A36D17},26650.57057252,1117.73925621982
8508,260,1950 Aldersbrook Rd,0,0,0,0,0,0,0,0,0,0,0,0,0,0,0,0,0,0,0,0, ,0,0,0,0, , ,0,0,0,0, ,0,1233.23,1233.23,0,0,0,0,0,N,N,N,N,O, ,N,N,N,N,N,0,N,N,N,Y,N,N,N,N,N,N,Y,N, ,P-067A,Fox Hollow Ravine - South,0,0,0,{D0781F57-A7BF-4D53-AEEF-CE5AEABE927C},43140.31252722,2087.37013182646
8510,262,520 Riverside Dr,20,0,0,0,0,0,0,0,0,0,0,0,0,0,0,0,0,0,0,0, ,0,0,0,0, , ,0,0,0,0, ,0,0,0,0,0,0,0,0,N,N,N,N,O, ,N,N,N,N,N,0,N,N,N,N,N,N,N,Y,N,N,Y,N, ,P-294,Riverside Boat Launch,0,0,0,{CB600C95-E9F3-445D-932B-8B504D99AE9A},17314.102189565,1284.03503313172
8514,266,133 Optimist Park Dr,0,0,0,0,0,0,0,0,0,0,0,0,0,0,0,0,0,0,0,0, ,0,0,0,0, , ,0,0,0,1,2024,0,653.02,653.02,0,0,0,2,1,N,N,N,N,N, ,N,N,N,N,N,0,N,N,N,N,N,N,N,N,N,N,N,N, ,P-280,Summercrest Park,0,0,0,{36D9B687-B74F-4D10-87A5-0948E40BBF81},53407.40428595,1334.73513743262
8515,267,650 Riverside Dr,0,40,0,0,0,0,0,0,0,0,0,0,0,0,0,0,0,0,0,0, ,0,0,0,0, , ,0,0,0,0, ,0,583.61,583.61,0,0,0,0,0,N,N,N,Y,N, ,N,N,N,Y,N,0,N,N,N,Y,N,N,N,N,N,N,N,N, ,P-021,Mckillop Park,0,0,0,{EDA42DE8-021B-4C56-9621-2AA45E9227BC},56137.08173244,1788.7414680921
8521,273,367 Richmeadow Rd,0,0,0,0,0,0,0,0,0,0,0,0,0,0,0,0,0,0,0,0, ,0,0,0,0, , ,0,0,0,0, ,625.23,80.91,706.14,0,0,0,0,0,N,N,N,N,W, ,N,N,N,N,N,0,N,N,N,N,N,N,N,N,N,N,Y,N, ,P-058,Clara Brenton Woods,0,0,0,{E7F32917-20FD-4C88-AF7C-0CA68960E07D},73617.172410655,1594.27361064487
8538,290,99 Prince Of Wales Gate,0,0,0,0,0,0,0,0,0,0,1,0,0,0,0,0,0,0,0,0, ,0,0,0,0, , ,0,0,0,1,2002,0,392.88,392.88,0,0,0,2,1,N,N,N,N,N, ,N,N,N,N,N,6,N,N,N,N,N,N,N,N,N,N,N,N, ,P-234,Cantebury Park,0,0,0,{CB150856-66AF-407C-9041-1F9FA2C441BA},23907.37741935,695.389296058254
8550,304,76 Tetherwood Blvd,0,0,0,0,0,0,0,0,0,0,0,0,0,0,0,0,0,0,0,0, ,0,0,0,0, , ,0,0,0,0, ,0,38.42,38.42,0,0,0,0,0,N,N,N,N,O, ,N,N,N,N,N,3,N,N,N,N,N,N,N,N,N,N,N,N, ,P-172,Northbranch Meadows,0,0,0,{314AE9D7-75F5-4DDF-AB5C-1251F033F41A},118391.61358868,3241.15506416469
8551,305,1 Mackellar Ave,0,0,0,0,0,0,0,0,0,0,0,0,0,0,0,0,0,0,0,0, ,0,0,0,0, , ,0,0,0,0, ,0,0,0,0,0,0,0,0,N,N,N,N,O, ,N,N,N,N,N,0,N,N,N,N,N,N,N,N,N,N,N,N, ,P-137,Sun Valley Park,0,0,0,{76945AAC-D41C-40A9-B965-2EA96BBFD3F2},13761.300289285,854.292340858536
8552,306,1200 Oxford St W,0,0,0,0,0,0,0,0,0,0,0,0,0,0,0,0,0,0,0,0, ,0,0,0,0, , ,0,0,0,0, ,0,0,0,0,0,0,0,0,N,N,N,N,E, ,N,N,N,N,N,0,N,N,N,N,N,N,N,N,N,Y,N,N, ,P-322,Sifton Bog Swm,0,0,0,{69CE6E4D-83C6-43F1-8633-37CE0B61A7A2},6982.017840875,841.259565334999
8553,307,682 Southdale Rd W,0,92,2,0,0,0,0,0,0,2,2,0,2,0,0,0,2,0,0,0, ,0,0,0,0, , ,0,0,0,1,2021,0,438.76,438.76,0,0,0,0,1,N,N,N,Y,D,BATTING CAGE,N,N,Y,N,N,1,Y,Y,N,Y,Y,N,N,N,Y,N,Y,N, ,P-173,Southwest Optimist Park,0,0,0,{CE410583-99A4-465C-8C3D-EE41684E60B1},67118.07826234,1182.73336458093
8557,311,1511 Shore Rd,0,0,0,0,0,0,0,0,0,0,0,0,0,0,0,0,0,0,0,0, ,0,0,0,0, , ,0,0,0,0, ,4709.98,0,4709.98,0,0,0,0,0,N,N,N,N,E, ,N,N,N,N,N,0,N,N,N,N,N,N,N,N,N,N,N,N, ,P-329A,Kains Woods ESA,0,0,0,{7773012B-783B-4CB7-A83B-BEBF74F9862E},258882.05087833,9591.69325361562
8558,312,1285 Richmond St,0,0,0,0,0,0,0,0,0,0,0,0,0,0,0,0,0,0,0,0, ,0,0,0,0, , ,0,0,0,0, ,0,449.85,449.85,0,0,0,0,0,N,N,N,N,O, ,N,N,N,N,N,0,N,N,N,N,N,N,N,N,N,N,N,N, ,P-330,Richmond Trail,0,0,0,{4F902C55-DFEE-42CD-AD6E-41F4B895992F},18409.37198224,1027.2381069271
8561,315,72 Wyatt St,0,0,0,0,0,0,0,0,0,0,0,0,0,0,0,0,0,0,0,0, ,0,0,0,0, , ,0,0,0,0, ,0,0,0,0,0,0,0,0,N,N,N,N,O, ,N,N,N,N,N,0,N,N,N,N,N,N,N,N,N,N,N,N, ,P-144B,Cavendish Park - East,0,0,0,{32856F2F-6B6A-41C2-8DF1-9D2D0703F272},1383.445630895,218.911349995945
8564,318,1136 Smither Rd,0,0,0,0,0,0,0,0,0,0,0,0,0,0,0,0,0,0,0,0, ,0,0,0,0, , ,0,0,0,0, ,571.23,0,571.23,0,0,0,0,0,N,N,N,N,W,2 BOARDWALKS,N,N,N,N,N,0,N,N,N,N,N,N,N,N,N,N,N,N, ,P-323,Egelton Woods,0,0,0,{2B852D67-B37C-44F4-A569-4CFAF8A46F2F},58585.87779836,1229.05903949473
8565,319,460 Sugarcreek Trail,0,0,0,0,0,0,0,0,0,0,0,0,0,0,0,0,0,0,0,0, ,0,0,0,0, , ,0,0,0,1,2011,0,344.21,344.21,1,0,0,0,0,N,N,N,N,U,"CONCRETE PATIO, TRELLIS",N,N,N,N,N,9,N,N,Y,Y,Y,N,N,N,N,N,N,N, ,P-335,Sugarcreek Park,0,0,0,{2CC193C2-4AD6-4023-B4C4-A491AD9E707A},9614.74394959,407.843514809089
8566,320,1750 Oxford St W,0,0,0,0,0,0,0,0,0,0,0,0,0,0,0,0,0,0,0,0, ,0,0,0,0, , ,0,0,0,0, ,0,186.24,186.24,0,0,0,0,0,N,N,N,N,E, ,N,N,N,N,N,0,N,N,N,N,N,N,N,N,N,N,N,N, ,P-329B,Kains Woods ESA - South,0,0,0,{8C0EF670-0529-47F1-9DC4-7B0E71F2A410},41102.679909975,1457.71041601916
8568,322,78 Riverside Dr,0,81,0,0,0,0,0,0,0,0,0,0,0,0,0,0,0,0,0,0, ,0,0,0,0, , ,0,0,0,0, ,0,306.07,306.07,0,0,0,0,0,N,Y,N,N,O,"SR CENTRE, HALL, MEETING ROOM, MULTI-PURPOSE",N,N,N,N,Y,0,Y,N,N,Y,Y,N,N,N,N,N,N,N, ,P-091,Riverside Park,0,0,0,{41A356A4-8A60-4D9E-852E-E9E3B0E6DA35},22727.946977415,706.184452535323
8570,324,25 Beaufort St,40,0,0,0,0,0,0,0,0,0,0,0,0,0,0,0,0,0,0,0, ,0,0,0,0, , ,0,0,0,0, ,212.06,389.66,601.72,0,0,0,0,0,N,N,N,N,O,LAWN BOWLING CLUV,N,N,N,N,N,0,N,N,N,N,N,N,Y,N,N,N,N,N, ,P-143,Waldorf Park,0,0,0,{6BD4329B-9C5A-4E49-8195-5713FCB68AFD},70637.0635464,2656.4656269197
8571,326,780 Mapleridge St,0,0,0,0,0,0,0,0,0,0,0,0,0,0,0,0,1,0,0,0, ,0,0,0,0, , ,0,0,0,1,2010,418.57,592.33,1010.9,0,1,0,2,1,N,N,N,N,W, ,N,N,N,N,N,3,N,N,N,Y,Y,N,N,N,N,N,N,N, ,P-312,Beaverbrook Woods,0,0,0,{8A508649-77E4-4227-A6DA-D445C4D1E3BB},60709.173489275,1366.57425867379
8572,328,1590 Warbler Woods Walk,0,0,0,0,0,0,0,0,0,0,0,0,0,0,0,0,0,0,0,0, ,0,0,0,0, , ,0,0,0,0, ,0,222.84,222.84,0,0,0,0,0,N,N,N,N,W, ,N,N,N,N,N,0,N,N,N,N,N,N,N,N,N,N,N,N, ,P-325,Hickory Woods,0,0,0,{10714D9D-EEAC-4857-8602-CA642F6AAB0F},45427.330386235,1008.94969772115
8574,331,40 Capulet Lane,0,0,0,0,0,0,0,0,0,0,0,0,0,0,0,0,0,0,0,0, ,0,0,0,0, , ,0,0,0,1,2009,0,603.69,603.69,1,0,0,2,1,N,N,N,N,N,5 ADULT EXERCISE STATIONS,N,N,N,N,N,0,N,N,N,Y,Y,N,N,N,Y,N,N,N, ,P-337,Capulet Park,0,0,0,{E5C5F176-F45B-47AB-A9F8-14663F378764},10952.88692185,755.851570247578
8576,333,230 Greenwood Ave,0,0,0,0,0,0,0,0,0,0,0,0,0,0,0,0,0,0,0,0, ,0,0,0,0, , ,0,0,0,0, ,0,0,0,0,0,0,0,0,N,N,N,N,E, ,N,N,N,N,N,0,N,N,N,N,N,N,N,N,N,N,N,N, ,P-339,Coves - West Pond,0,0,0,{4BF9DEA5-384A-41F5-8339-5C61CABDC3D8},6748.343332,405.997417712745
8577,334,135 Optimist Park Dr,0,0,0,0,0,0,0,0,0,0,0,0,0,0,0,0,0,0,0,0, ,0,0,0,0, , ,0,0,0,0, ,0,0,0,0,0,0,0,0,N,N,N,N,O, ,N,N,N,N,N,0,N,N,N,N,N,N,N,N,N,Y,N,N, ,P-340,Summercrest Swm,0,0,0,{08C60A60-5C3C-4059-BE9F-8A17D62EDCCB},25992.64911624,918.829216094019
8578,335,43 Cheltenham Rd,0,0,0,0,0,0,0,0,0,0,0,0,0,0,0,0,0,0,0,0, ,0,0,0,0, , ,0,0,0,1,2005,0,367.96,367.96,0,0,0,2,1,N,N,N,N,N, ,N,N,N,N,N,3,N,N,N,Y,Y,N,N,N,N,N,Y,N, ,P-341,Cheltenham Park,0,0,0,{0C98EA90-AB68-421A-81F9-FBC84C00B38A},30004.584055365,801.728165795247
8582,339,745 Longworth Rd,0,0,0,0,0,0,0,0,0,0,0,0,0,0,0,0,0,0,0,0, ,0,0,0,0, , ,0,0,0,0, ,0,0,0,0,0,0,0,0,N,N,N,N,W, ,N,N,N,N,N,0,N,N,N,N,N,N,N,N,N,N,N,N, ,P-345,Cresthaven Woods,0,0,0,{BFAB7F05-0546-4CE7-9EB1-C837966E7D5D},61166.50316356,1466.58121841494
8585,342,60 Pitcarnie Cres,0,0,0,0,0,0,0,0,0,0,0,0,0,0,0,0,0,0,0,0, ,0,0,0,0, , ,0,0,0,0, ,752.01,0,752.01,0,0,0,0,0,N,N,N,N,E, ,N,N,N,N,N,0,N,N,N,N,N,N,N,N,N,N,N,N, ,P-347,Miggsie Lawson Park,0,0,0,{EFD9EEBB-FEC2-4AFF-8C52-4515A6CC3DF3},140740.09466537,2697.91471162418
8587,344,1617 Hyde Park Rd,0,0,0,0,0,0,0,0,0,0,0,0,0,0,0,0,0,0,0,0, ,0,0,0,0, , ,0,0,0,0, ,0,53.02,53.02,0,0,0,0,0,N,N,N,N,O, ,N,N,N,N,N,0,N,N,N,N,N,N,N,N,N,N,N,N, ,P-348,Hyde Park Ps,0,0,0,{1C938AE6-D60A-45B0-A1AB-DC7A5D448872},3558.82934144,257.889390183752
8591,349,1605 Shore Rd,0,0,0,0,0,0,0,0,0,0,0,0,0,0,0,0,0,0,0,0, ,0,0,0,0, , ,0,0,0,1,2004,0,0,0,0,0,0,0,0,N,N,N,N,N, ,N,N,N,N,N,0,N,N,N,N,N,N,N,N,N,N,N,N, ,P-352,Thamesridge Park,0,0,0,{6686FE2F-A0F7-4DDE-B544-CF474A4F2241},1122.76275376,144.000672617262
8592,350,881 Adirondack Rd,0,0,0,0,0,0,0,0,0,0,0,0,0,0,0,0,0,0,0,0, ,0,0,0,0, , ,0,0,0,0, ,0,0,0,0,0,0,0,0,N,N,N,N,O, ,N,N,N,N,N,0,N,N,N,N,N,N,N,N,N,Y,N,N, ,P-353,Southwest Optimist Swm,0,0,0,{40CBF6F4-8257-4B9B-B3D1-5DE2C853E7F2},17690.441378675,742.903231628792
8595,353,18 Elmwood Ave W,0,0,0,0,0,0,0,0,0,0,0,0,0,0,0,0,0,0,0,0, ,0,0,0,0, , ,0,0,0,0, ,0,0,0,0,0,0,0,0,N,N,N,N,E, ,N,N,N,N,N,0,N,N,N,N,N,N,N,N,N,N,N,N, ,P-357,Coves - ESA,0,0,0,{AA93CF35-937C-4D26-9E80-FF60D2824F09},29425.53797428,1171.76410450167
8596,354,50 Springbank Dr,0,0,0,0,0,0,0,0,0,0,0,0,0,0,0,0,0,0,0,0, ,0,0,0,0, , ,0,0,0,0, ,0,0,0,0,0,0,0,0,N,N,N,N,E, ,N,N,N,N,N,0,N,N,N,N,N,N,N,N,N,N,N,N, ,P-249,Coves,0,0,0,{49DCCECC-4FD6-4D3C-9717-186BDF7E2801},1223.21110392,141.20851694797
8597,355,106 Springbank Dr,3,0,0,0,0,0,0,0,0,0,0,0,0,0,0,0,0,0,0,0, ,0,0,0,0, , ,0,0,0,0, ,675.05,0,675.05,0,0,0,0,0,N,N,N,N,E,Boardwalk,N,N,N,N,N,0,N,N,N,Y,N,N,N,N,N,N,Y,N, ,P-358,Coves - East Pond Woods,0,0,0,{53EC9567-27B5-4346-BF68-DC13AB7961C6},47561.955065395,1350.9226050463
8598,356,201 Wharncliffe Rd S,12,0,0,0,0,0,0,0,0,0,0,0,0,0,0,0,0,0,0,0, ,0,0,0,0, , ,0,0,0,0, ,0,254.14,254.14,0,0,0,0,0,N,N,N,N,N,"Recycled rubber tiles; sign kiosk for Coves ESA",N,N,N,N,N,3,N,N,N,Y,N,N,N,N,N,N,N,N, ,P-356,Coves - Elmwood Gateway,0,0,0,{4A98D5E3-9509-4CBF-88C5-DA340564C6A7},6988.47897492,399.797510370009
8599,357,180 Emery St W,0,0,0,0,0,0,0,0,0,0,0,0,0,0,0,0,0,0,0,0, ,0,0,0,0, , ,0,0,0,0, ,0,0,0,0,0,0,0,0,N,N,N,N,E, ,N,N,N,N,N,0,N,N,N,N,N,N,N,N,N,N,N,N, ,P-359,Southcrest Ravine - North,0,0,0,{E39D1819-8937-4009-91ED-C3F55825C657},4215.89947008,344.342448385893
8604,362,1760 Oxford St W,0,0,0,0,0,0,0,0,0,0,0,0,0,0,0,0,0,0,0,0, ,0,0,0,0, , ,0,0,0,0, ,0,0,0,0,0,0,0,0,N,N,N,N,O, ,N,N,N,N,N,0,N,N,N,N,N,N,N,N,N,Y,N,N, ,P-364,Kains Woods Swm,0,0,0,{747D9D55-F106-4BAB-91A5-41A758AA83C9},10410.147653545,473.088303664513
8611,369,955 Byronmanor Rd,0,0,0,0,0,0,0,0,0,0,0,0,0,0,0,0,1,0,0,0, ,0,0,0,0, , ,0,0,0,1,2010,0,92.17,92.17,0,0,0,2,1,N,N,N,N,N, ,N,N,N,N,N,2,N,N,N,Y,Y,N,N,N,N,N,N,N, ,P-369,Byron Hills Park,0,0,0,{FABB4BAF-779F-4F37-8DDA-8FAD9F21E1D6},10713.4476284,438.209871703266
8614,372,1271 Cranbrook Rd,0,0,0,0,0,0,0,0,0,0,0,0,0,0,0,0,0,0,0,0, ,0,0,0,0, , ,0,0,0,0, ,0,0,0,0,0,0,0,0,N,N,N,N,O, ,N,N,N,N,N,0,N,N,N,N,N,N,N,N,N,N,N,N, ,P-374,Button Bush Wetland - South,0,0,0,{6DB077C8-28F9-4C5E-9623-68F214113CAA},21040.19741505,1233.84331624502
8615,373,1270 Cranbrook Rd,0,0,0,0,0,0,0,0,0,0,0,0,0,0,0,0,0,0,0,0, ,0,0,0,0, , ,0,0,0,0, ,0,0,0,0,0,0,0,0,N,N,N,N,O, ,N,N,N,N,N,0,N,N,N,N,N,N,N,N,N,N,N,N, ,P-375,Button Bush Wetland - North,0,0,0,{AE1AF2AB-6EFA-4059-AAAD-3C1A6A472D9A},37433.85657582,1284.02611500958
8618,376,453 Oxford St W,0,0,0,0,0,0,0,0,0,0,0,0,0,0,0,0,0,0,0,0, ,0,0,0,0, , ,0,0,0,0, ,0,0,0,0,0,0,0,0,N,N,N,N,O, ,N,N,N,N,N,0,N,N,N,N,N,N,N,N,N,N,N,N, ,P-378A,Mud Creek East - North,0,0,0,{8F7E50E1-1236-4670-8E34-3D7C4BAB3EC4},7229.82342942,482.841195221426
8619,377,630 Proudfoot Lane,0,0,0,0,0,0,0,0,0,0,0,0,0,0,0,0,0,0,0,0, ,0,0,0,0, , ,0,0,0,0, ,0,0,0,0,0,0,0,0,N,N,N,N,O, ,N,N,N,N,N,0,N,N,N,N,N,N,N,N,N,N,N,N, ,P-378B,Mud Creek East - Central,0,0,0,{1AEE4255-8995-452D-AEB8-F0E61109C356},12555.74963021,583.355276698294
8620,378,635 Proudfoot Lane,0,0,0,0,0,0,0,0,0,0,0,0,0,0,0,0,0,0,0,0, ,0,0,0,0, , ,0,0,0,0, ,0,0,0,0,0,0,0,0,N,N,N,N,O, ,N,N,N,N,N,0,N,N,N,N,N,N,N,N,N,N,N,N, ,P-378C,Mud Creek East - South,0,0,0,{C326EFA0-59E3-4552-8F32-9A00F3D12A3C},18502.34749982,1026.85389325357
8623,381,1585 Riverbend Rd,0,0,1,0,0,0,1,0,1,0,2,0,2,0,0,0,0,0,0,0, ,0,0,0,1, , ,0,0,1,2,2011,0,1093.59,1093.59,1,0,0,4,1,N,N,N,N,D, ,N,N,N,N,N,7,N,Y,N,Y,N,N,N,N,N,N,N,N, ,P-381,Riverbend Park,0,0,0,{7467E658-DF9F-4C93-B475-1F2599759440},106548.499311485,1634.23270120087
8627,385,741 Redtail Trail,0,0,0,0,0,0,0,0,0,0,0,0,0,0,0,0,0,0,0,0, ,0,0,0,0, , ,0,0,0,0, ,0,0,0,0,0,0,0,0,N,N,N,N,O, ,N,N,N,N,N,0,N,N,N,N,N,N,N,N,N,N,N,N, ,P-385,Burr Reed Woods,0,0,0,{EDE6118C-BE9B-4DE5-95CF-601FC84F6780},25205.75829065,837.21410621922
8628,386,741 Redtail Trail,0,0,0,0,0,0,0,0,0,0,0,0,0,0,0,0,0,0,0,0, ,0,0,0,0, , ,0,0,0,1,2020,0,675.31,675.31,0,0,0,0,0,N,N,N,N,N,Moon Gate,N,N,N,N,N,2,N,N,N,Y,N,N,N,N,N,N,N,N, ,P-386,Sunrise Park,0,0,0,{2BF59F44-6820-4DD8-9EEE-43F2611EB081},11459.249126025,1200.07729299263
8629,387,1319 Hyde Park Rd,0,0,0,0,0,0,0,0,0,0,0,0,0,0,0,0,0,0,0,0, ,0,0,0,0, , ,0,0,0,0, ,0,135.47,135.47,0,0,0,0,0,N,N,N,N,O, ,N,N,N,N,N,0,N,N,N,N,N,N,N,N,N,N,N,N, ,P-387,Hyde Park 1b1 Swmf,0,0,0,{6EA7739F-770C-4582-BB39-9E8E47507F7F},28800.12428009,876.413277394306
8631,389,1965 Coronation Dr,0,0,0,0,0,0,0,0,0,0,0,0,0,0,0,0,1,0,0,0, ,0,0,0,0, , ,0,0,0,1,2011,0,462.9,462.9,0,0,0,2,1,N,N,N,N,N, ,N,N,N,N,N,3,N,N,N,Y,Y,N,N,N,N,N,N,N,2011,P-389,Coronation Park North,0,0,0,{1DD94C12-7A25-47B0-9E5D-ADD9EC8B4817},28647.6068763,1006.36425299744
8632,390,1045 Wonderland Rd N,0,14,0,0,0,0,0,0,0,0,0,0,0,0,0,0,0,0,0,0, ,0,0,0,0, , ,0,0,1,2,2011,0,306.51,306.51,0,0,1,4,1,N,N,N,N,D, ,N,N,N,N,N,0,Y,N,N,Y,Y,N,N,N,N,N,N,N, ,P-080C,Medway Park,0,0,0,{5A00C01B-797E-4B2C-BEBA-EB2A2B90BF5D},9813.83627052,439.26926897518
8633,391,1830 Coronation Dr,0,0,0,0,0,0,0,0,0,0,0,0,0,0,0,0,0,0,0,0, ,0,0,0,0, , ,0,0,0,0, ,382.12,0,382.12,0,0,0,0,0,N,N,N,N,W, ,N,N,N,N,N,0,N,N,N,N,N,N,N,N,N,N,N,N,2011,P-390,Walnut Woods,0,0,0,{ACC4FF50-2C19-4783-BC3D-CD6BE4A7B8FB},36915.654136675,861.627658493552
8634,392,6760 Raleigh Blvd,0,0,0,0,0,0,0,0,0,0,0,0,0,0,0,0,0,0,0,0, ,0,0,0,0, , ,0,0,0,1,2011,0,179.64,179.64,0,0,0,0,0,N,N,N,N,U, ,N,N,N,N,N,0,N,N,N,N,N,N,N,N,N,N,N,N,2011,P-391,Raleigh Parkette,0,0,0,{E46661DB-5DB9-4432-8A50-4222CCC39994},3584.04828584,232.841310652605
8635,393,1115 Whetherfield St,0,0,0,0,0,0,0,0,0,0,0,0,0,0,0,0,1,0,0,0, ,0,0,0,0, , ,0,0,0,1,2012,0,300.47,300.47,0,0,0,2,1,N,N,N,N,N, ,N,N,N,N,N,2,N,N,N,Y,Y,N,N,N,N,Y,N,N,2011,P-392,Whetherfield Park,0,0,0,{1F60C5EE-2886-4CF3-811A-71A3F7795225},29556.28716272,837.012565631243
8637,395,2190 Kains Rd,0,0,0,0,0,0,0,0,0,0,0,0,0,0,0,0,0,0,0,0, ,0,0,0,0, , ,0,0,0,0, ,0,0,0,0,0,0,0,0,N,N,N,N,O, ,N,N,N,N,N,0,N,N,N,N,N,N,N,N,N,N,N,N,2011,P-394,Kains Woods Swmf,0,0,0,{50B379B3-73DB-4C60-B6D2-B1F616C67189},23198.21715832,656.157703272254
8638,396,3150 Wonderland Rd S,0,0,0,0,0,0,0,0,0,0,0,0,0,0,0,0,0,0,0,0, ,0,0,0,0, , ,0,0,0,0, ,0,402.6,402.6,0,0,0,0,0,N,N,N,N,O, ,N,N,N,N,N,0,N,N,N,N,N,N,N,N,N,N,N,N,2011,P-395,Pincombe Drain Swmf #1,0,0,0,{89C80666-8551-49D5-88CC-1A1EA8B5BFB4},31145.49578464,792.98448028027
8640,398,1695 Hyde Park Rd,0,0,0,0,0,0,0,0,0,0,0,0,0,0,0,0,0,0,0,0, ,0,0,0,0, , ,0,0,0,0, ,0,485.27,485.27,0,0,0,0,0,N,N,N,N,SW,Bridge,N,N,N,N,N,0,N,N,N,N,N,N,N,N,N,N,N,N,2011,P-397,Hyde Park North Swmf,0,0,0,{D51AC54D-88E2-48E6-AB33-C28C1A1271DC},45550.572498715,1222.38761282412
8642,401,1260 Coronation Dr,0,0,0,0,0,0,0,0,0,0,0,0,0,0,0,0,0,0,0,0, ,0,0,0,0, , ,0,0,0,1,2012,0,436.22,436.22,0,0,0,2,1,N,N,N,N,N, ,N,N,N,N,N,3,N,N,N,1,1,N,N,N,N,N,N,Y,2012,P-399,Maple Grove Park,0,0,0,{A0556E3D-4815-4078-B950-AFC4F55208D7},22987.86511074,758.800640086478
8643,405,3470 Settlement Trail,0,0,0,0,0,0,0,0,0,0,1,0,0,0,0,0,2,0,0,0, ,0,0,0,0, , ,0,0,0,1,2012,0,302.48,302.48,0,0,0,1,1,N,N,N,N,N, ,N,N,N,N,N,0,N,N,N,N,N,N,N,N,N,N,N,N,2012,P-401,Talbot Park,0,0,0,{F68F5E05-43AA-4C3D-81BE-16209FA76DA1},31596.16658433,835.745266242031
8647,415,1940 Woodhull Rd,0,0,0,0,0,0,0,0,0,0,0,0,0,0,0,0,0,0,0,0, ,0,0,0,0, , ,0,0,0,0, ,0,0,0,0,0,0,0,0,N,N,N,N,O, ,N,N,N,N,N,0,N,N,N,N,N,N,N,N,N,N,N,N,2012,P-405,Woodhull Ravine,0,0,0,{E3A463EE-FA56-4115-BB00-96376CD7B7B9},54889.03997392,1640.81832512538
8653,429,3555 Morgan Cres,0,0,0,0,0,0,0,0,0,0,0,0,0,0,0,0,0,0,0,0, ,0,0,0,0, , ,0,0,0,0, ,0,800.14,800.14,0,0,0,0,0,N,N,N,N,O, ,N,N,N,N,N,0,N,N,N,N,N,N,N,N,N,N,N,N,2012,P-413,Pincombe Park North,0,0,0,{B35C7BA4-77D4-4BB0-85C7-47CE5079F3D4},10420.74055121,1633.25348236972
8654,432,3035 Singleton Ave,0,0,0,0,0,0,0,0,0,0,0,0,0,0,0,0,0,0,0,0, ,0,0,0,0, , ,0,0,0,0, ,0,0,0,0,0,0,0,0,N,N,N,N,O, ,N,N,N,N,N,0,N,N,N,N,N,N,N,N,N,N,N,N,2012,P-412A,Pincombe Drain - North,0,0,0,{FE30318D-C357-44DC-8183-C1428ECE3887},21977.58850904,1327.38012131825
8660,441,264 Greenwood Ave,0,0,0,0,0,0,0,0,0,0,0,0,0,0,0,0,0,0,0,0, ,0,0,0,0, , ,0,0,0,0, ,0,21.72,21.72,0,0,0,0,0,N,N,N,N,O,Interpretive signage,N,N,N,N,N,1,N,N,N,Y,N,N,N,N,N,N,N,N,2013,P-419,Coves Lookout,0,0,0,{303EEACB-CB24-4790-B86B-062F340ACBB0},1578.8314624,170.275336487831
8667,872,595 Blackacres Blvd,0,0,0,0,0,0,0,0,0,0,0,0,0,0,0,0,0,0,0,0, ,0,0,0,0, , ,0,0,0,0, ,246.25,116.14,362.39,1,0,0,4,1,N,N,N,N,N, ,N,N,N,N,N,4,N,N,N,1,1,N,N,N,N,N,N,N,2014,P-428,Blackacres Park,0,0,0,{48A1D686-C0EB-42A3-8761-AB1B6366BBA2},12364.2984172,482.606000271067
8668,873,3350 Singleton Ave,0,0,0,0,0,0,0,0,0,0,0,0,0,0,0,0,1,0,0,0, ,0,0,0,0, , ,0,0,0,1,2014,0,474.27,474.27,0,0,0,2,1,N,N,N,N,N, ,N,N,N,N,N,5,N,N,N,Y,N,N,N,N,N,N,N,N,2014,P-429,Westbury Park,0,0,0,{C8968552-8645-4778-AB24-FE7BC503BD07},19942.54649541,573.314236453569
8676,1307,1723 Foxwood Ave,0,0,0,0,0,0,0,0,0,0,0,0,0,0,0,0,0,0,0,0, ,0,0,0,0, , ,0,0,0,0, ,0,1575.1,1575.1,0,0,0,0,0,N,N,N,N,O, ,N,N,N,N,N,0,N,N,N,N,N,N,N,N,N,N,N,N,2014,P-432,Snake Creek,0,0,0,{8F06E45C-3D3D-41CF-A8B7-AABA71224C97},47837.44944108,2045.55352106122
8677,1308,2097 Wickerson Rd,0,0,0,0,0,0,0,0,0,0,0,0,0,0,0,0,0,0,0,0, ,0,0,0,0, , ,0,0,0,0, ,0,0,0,0,0,0,0,0,N,N,N,N,O, ,N,N,N,N,N,0,N,N,N,N,N,N,N,N,N,Y,N,N,2014,P-433,Wickerson Road SWMF,0,0,0,{D09FDAAF-3B46-4773-B3EF-3E82FEE152BC},23189.04606886,1043.00672416373
8695,1352,501 Southdale Rd W,,,0,0,0,0,0,0,0,0,0,0,0,0,0,0,0,0,0,0,Bostwick Arena,2,0,0,0,,Indoor,1,0,0,1,2018,0,0,0,0,0,0,0,0,N,Y,N,N,F,,N,N,N,N,N,0,N,N,N,N,N,N,N,N,N,N,N,N,2015,P-451,Bostwick Community Centre,0,0,0,{513378ED-B16D-4DCC-9491-04B96FEC86F0},44469.2342146,859.856708223073
8700,1357,3150 Tokala Trail,,,0,0,0,0,0,0,0,0,0,0,0,0,0,0,0,0,0,0,,0,0,0,0,,,0,0,0,1,2018,0,64.39,64.39,0,0,0,2,1,N,N,N,N,W,,N,N,N,N,N,2,N,N,N,Y,1,N,N,N,N,N,N,N,2016,P-455,Tokala Woods,0,0,0,{57A87D91-011C-405F-AD77-14674C78A985},40992.2314656,1374.26337148496
8704,1362,1060 Byron Baseline Rd,,,0,0,0,0,0,0,0,0,0,0,0,0,0,0,0,0,0,0,,0,0,0,0,,,0,0,0,0,,0,0,0,0,0,0,0,0,N,N,N,N,O,,N,N,N,N,N,0,N,N,N,N,N,N,N,N,N,N,N,N,2017,P-459,Byron Pits Open Space,0,0,0,{326E7180-DBC9-4354-AB27-9DF88B4E5D70},79739.82019986,1219.50519974412
8707,1365,1415 Dyer Cres,,,0,0,0,0,0,0,0,0,0,0,0,0,0,0,0,0,0,0,,0,0,0,0,,,0,0,0,0,,0,245.44,245.44,0,0,0,0,0,N,N,N,N,O,,N,N,N,N,N,0,N,N,N,N,N,N,N,N,N,N,N,N,2017,P-462,Dyer Crescent SWMF,0,0,0,{E7AB246A-286D-496B-926B-6197B8861E56},26672.45354942,841.124271970118
8713,1371,1443 Staffordshire Rd,,,0,0,0,0,0,0,0,0,0,0,0,0,0,0,0,0,0,0,,0,0,0,0,,,0,0,0,0,,0,378.79,378.79,0,0,0,0,0,N,N,N,N,O,,N,N,N,N,N,0,N,N,N,N,N,N,N,N,N,N,N,N,2017,P-468,Staffordshire Park,0,0,0,{BE3056AE-7616-4344-9421-B2EC9A686273},11297.685406795,680.448958947258
8715,1373,2245 Wateroak Dr,,,0,0,0,0,0,0,0,0,0,0,0,0,0,0,0,0,0,0,,0,0,0,0,,,0,0,0,1,2018,0,88.87,88.87,0,0,0,2,1,N,N,N,N,N,,N,N,N,N,N,2,N,N,N,Y,1,N,N,N,N,N,N,N,2017,P-470,Water Oak Park,0,0,0,{887FC3E4-DA17-4E17-AAE0-A459CE637683},2543.6959499,209.952433253901
8716,330,1170 Hyde Park Rd,0,0,0,0,0,0,0,0,0,0,0,0,0,0,0,0,0,0,0,0, ,0,0,0,0, , ,0,0,0,0, ,0,0,0,0,0,0,0,0,N,N,N,N,E, ,N,N,N,N,N,0,N,N,N,N,N,N,N,N,N,N,N,N, ,P-336,Kelly Stanton ESA - North,0,0,0,{8A20D6EC-AFBC-401A-8AC1-4224872B5C70},129161.756028125,2325.51695279647
8717,1376,1239 Staffordshire Pl,0,0,0,0,0,0,0,0,0,0,0,0,0,0,0,0,0,0,0,0, ,0,0,0,0, , ,0,0,0,0, ,0,0,0,0,0,0,0,0,N,N,N,N,E, ,N,N,N,N,N,0,N,N,N,N,N,N,N,N,N,N,N,N,2017,P-471,Kelly Stanton ESA - South,0,0,0,{AEDFECB9-47AC-4C90-879A-44AB0D1B82E2},56165.30762296,1564.79141901054
8719,1375,1875 Oxford St W,,,0,0,0,0,0,0,0,0,0,0,0,0,0,0,0,0,0,0,,0,0,0,0,,,0,0,0,0,,0,0,0,0,0,0,0,0,N,N,N,N,H,,N,N,N,N,N,0,N,N,N,N,N,N,N,N,N,N,N,N,2018,P-473,Kilbourne Cemetery,0,0,0,{947F88C5-0A1B-4560-8446-03EFBE69CEE8},1740.293659145,175.198800807598
8720,1345,7 Annadale Dr,,,0,0,0,0,0,0,0,0,0,0,0,0,0,0,0,0,0,0,,0,0,0,0,,,0,0,0,1,2020,0,359.18,359.18,0,0,0,0,1,N,N,N,N,N,,N,N,N,N,N,17,Y,N,N,N,Y,N,N,N,N,N,N,N,2015,P-445,Sherwood Forest Park,0,0,0,{D928FEDB-B02D-42DE-9844-572357E95935},6484.15771737,357.186204912256
8721,1377,104 Fitzwilliam Blvd,0,0,0,0,0,0,0,0,0,0,0,0,0,0,0,0,0,0,0,0,0,0,0,0,0,,,0,0,0,0,,0,0,0,0,0,0,0,0,N,N,N,N,O,,N,N,N,N,N,0,N,N,N,N,N,N,N,N,N,Y,N,N,2018,P-475,Hunt Club Green,0,0,0,{C94A744C-CF4C-417F-8716-721A5B4EF45A},24584.31841831,1050.86133327201
8723,1379,1695 Hyde Park Rd,0,0,0,0,0,0,0,0,0,0,0,0,0,0,0,0,0,0,0,0, ,0,0,0,0, , ,0,0,0,2,2023,0,0,0,0,0,0,0,0,N,N,N,N,U,Sail Shade Structure,N,N,N,N,N,2,N,N,N,Y,Y,N,N,N,N,N,Y,N,2018,P-476,Hyde Park Village Green,0,0,0,{CBF2B348-075D-4D0B-99F5-0CD7542902B0},4855.645749875,457.820406860078
8730,327,1150 Gainsborough Rd,0,0,0,0,0,0,0,0,0,0,0,0,0,0,0,0,0,0,0,0, ,0,0,0,0, , ,0,0,0,0, ,2106.66,2304.21,4410.87,0,0,0,0,0,N,N,N,N,O, ,N,N,N,N,N,0,N,N,N,N,N,N,N,N,N,N,N,N, ,P-317,London Hyde Park Rotary Link,0,0,0,{DCC39C14-133D-4826-8EC1-85F650EEFFDB},142662.230658225,10564.5816107308
8737,1388,1586 Finley Cres,,,0,0,0,0,0,0,0,0,0,0,0,0,0,0,0,0,0,0,,0,0,0,0,,,0,0,0,0,,0,708.68,708.68,0,0,0,0,0,N,N,N,N,O,,N,N,N,N,N,0,N,N,N,N,N,N,N,N,N,N,N,N,2020,P-486,Maple Grove Woods,0,0,0,{2BAE4D16-00F5-4991-9F4E-071888301266},61371.32096014,1171.77207941134
8738,1389,793 Silversmith St,,,0,0,0,0,0,0,0,0,0,0,0,0,0,0,0,0,0,0,,0,0,0,0,,,0,0,0,0,,0,95.91,95.91,0,0,0,0,0,N,N,N,N,SW,,N,N,N,N,N,0,N,N,N,N,N,N,N,N,N,N,N,N,2020,P-487,Oakridge Crossing SWMF,0,0,0,{53A74245-ACB3-49C3-A25B-156F2034A78A},18547.37667428,644.26655544065
8741,1392,214 Chalet Cres,,,0,0,0,0,0,0,0,0,0,0,0,0,0,0,0,0,0,0,,0,0,0,0,,,0,0,0,0,,0,898.99,898.99,0,0,0,0,0,N,N,N,N,O,,N,N,N,N,N,0,N,N,N,N,N,N,N,N,N,N,N,N,2020,P-485,Scenic View Trail,0,0,0,{E769C0A8-623A-41D1-8696-9E785314A121},12091.22057687,1549.62226801518
8744,1395,2 Cove Rd,,,0,0,0,0,0,0,0,0,0,0,0,0,0,0,0,0,0,0,,0,0,0,0,,,0,0,0,0,,0,0,0,0,0,0,0,0,N,N,N,N,E,,N,N,N,N,N,0,N,N,N,N,N,N,N,N,N,N,N,N,2020,P-494,Coves ESA Override 2,0,0,0,{971DE12E-8BE1-43C2-833B-1A7F98FDE531},4324.49686208,286.701882620787
8745,1396,,,,0,0,0,0,0,0,0,0,0,0,0,0,0,0,0,0,0,0,,0,0,0,0,,,0,0,0,0,,0,0,0,0,0,0,0,0,N,N,N,N,O,,N,N,N,N,N,0,N,N,N,N,N,N,N,N,N,N,N,N,2020,P-495,Coves ESA Override 1,0,0,0,{D1E2DA9C-2FE0-4A6A-B782-2498B79B45C4},844.33157414,148.086403944951
8746,1397,2080 Upperpoint Blvd,,,0,0,0,0,0,0,0,0,0,0,0,0,0,0,0,0,0,0,,0,0,0,0,,,0,0,0,0,,0,254.1,254.1,0,0,0,0,0,N,N,N,N,O,,N,N,N,N,N,0,N,N,N,N,N,N,N,N,N,Y,N,N,2021,P-496,Tributary C SWMF,0,0,0,{5AE2F76A-D18A-4631-82FB-AFE9D05A947A},27760.68688498,933.897129867914
8747,1398,1080 Westdel Brne,,,0,0,0,0,0,0,0,0,0,0,0,0,0,0,0,0,0,0,,0,0,0,0,,,0,0,0,0,,0,0,0,0,0,0,0,0,N,N,N,N,O,,N,N,N,N,N,0,N,N,N,N,N,N,N,N,N,N,N,N,2020,P-497,Riverbend SWMF East,0,0,0,{5B2C3ED5-92E8-4085-B2D7-576355A60464},12503.63575043,690.576893635527
8748,1399,2615 Kains Rd,,,0,0,0,0,0,0,0,0,0,0,0,0,0,0,0,0,0,0,,0,0,0,0,,,0,0,0,0,,0,0,0,0,0,0,0,0,N,N,N,N,O,,N,N,N,N,N,0,N,N,N,N,N,N,N,N,N,N,N,N,2020,P-498,Riverbend SWMF West,0,0,0,{61EE3D58-CCBC-4CE0-A8FC-A457A911E2C9},28716.462834285,813.999852357125
8756,1408,1338 Hyde Park Rd,0,0,0,0,0,0,0,0,0,0,0,0,0,0,0,0,0,0,0,0,,0,0,0,0,,,0,0,0,0,,0,0,0,0,0,0,0,0,N,N,N,N,SW,,N,N,N,N,N,0,N,N,N,N,N,N,N,N,N,Y,N,N,2021,P-507,Cantebury SWM,0,0,0,{8189CB96-361C-4201-AF3C-7008CB4AE637},24334.33861752,729.708987112632
8758,1411,1590 Woodcock Pl,,,0,0,0,0,0,0,0,0,0,0,0,0,0,0,0,0,0,0,,0,0,0,0,,,0,0,0,0,,0,745.53,745.53,0,0,0,0,0,N,N,N,N,SW,,N,N,N,N,N,0,N,N,N,N,N,N,N,N,N,Y,N,N,2022,P-510,Doman SWM,0,0,0,{FAF8175F-E857-46B9-A462-001AB6588294},36004.99138013,898.487506335365
8759,1412,1855 Foxwood Ave,,,0,0,0,0,0,0,0,0,0,0,0,0,0,0,0,0,0,0,,0,0,0,0,,,0,0,0,0,,0,298.42,298.42,0,0,0,0,0,N,N,N,N,SW,,N,N,N,N,N,0,N,N,N,N,N,N,N,N,N,Y,N,N,2022,P-511,Fox Hollow SWM,0,0,0,{7819914F-63C0-42E4-8D6A-369589887AF0},24554.150325215,853.117841874316
8771,1425,806 Rushbrook Cres,,,0,0,0,0,0,0,0,0,0,0,0,0,0,0,0,0,0,0,,0,0,0,0,,,0,0,0,0,,0,0,0,0,0,0,0,0,N,N,N,N,SW,,N,N,N,N,N,0,N,N,N,N,N,N,N,N,N,Y,N,N,2022,P-524,Rushbrook SWM,0,0,0,{A5FDE45A-D87C-49EC-B21D-9BAEB41BBA49},6834.1710792,351.549880306717
8774,1428,980 Southdale Rd W,,,0,0,0,0,0,0,0,0,0,0,0,0,0,0,0,0,0,0,,0,0,0,0,,,0,0,0,0,,0,0,0,0,0,0,0,0,N,N,N,N,SW,,N,N,N,N,N,0,N,N,N,N,N,N,N,N,N,Y,N,N,2022,P-527,South View SWM,0,0,0,{13F465FD-F3E3-41C4-85F4-C04C51EAA299},8257.90543061,369.595219993378
8781,1436,1946 Foxwood Cres,,,0,0,0,0,0,0,0,0,0,0,0,0,0,0,0,0,0,0,,0,0,0,0,,,0,0,0,0,,0,93.86,93.86,0,0,0,0,0,N,N,N,N,O,,N,N,N,N,N,0,N,N,N,N,N,N,N,N,N,N,N,N,2022,P-535,Snake Creek Walk,0,0,0,{D4293D81-36B7-4831-9438-6791FDC843E8},884.59591799,198.027899549204
8783,1439,2040 Upperpoint Blvd,,,0,0,0,0,0,0,0,0,0,0,0,0,0,0,0,0,0,0,,0,0,0,0,,,0,0,0,0,,0,220.52,220.52,0,0,0,0,0,N,N,N,N,O,,N,N,N,N,N,0,N,N,N,N,N,N,N,N,N,N,N,N,2022,P-538,Mow Sifton Ridge,0,0,0,{1DE58F95-1332-4959-AD33-8C0CA0EFB66A},17424.007497495,640.253220924798
8784,1440,399 Sophia Way,,,0,0,0,0,0,0,0,0,0,0,0,0,0,0,0,0,0,0,,0,0,0,0,,,0,0,0,0,,0,0,0,0,0,0,0,0,N,N,N,N,O,,N,N,N,N,N,0,N,N,N,N,N,N,N,N,N,N,N,N,2022,P-539,Van Horik Woods,0,0,0,{086048AF-0CC9-46DA-A5DB-8598229918CE},10683.114635125,503.090717261958
8788,1445,,,,0,0,0,0,0,0,0,0,0,0,0,0,0,0,0,0,0,0,,0,0,0,0,,,0,0,0,0,,0,0,0,0,0,0,0,0,N,N,N,N,SW,,N,N,N,N,N,0,N,N,N,N,N,N,N,N,N,Y,N,N,2022,P-544,Stanton Meadows (Hyde Park SWMF #5),0,0,0,{969FC4F5-A449-4DD0-8925-43C6AD1ACFC2},73200.62723085,1092.79702878625
8789,1446,310 Maurice St,,,0,0,0,0,0,0,0,0,0,0,0,0,0,0,0,0,0,0,,0,0,0,0,,,0,0,0,0,,0,0,0,0,0,0,0,0,N,N,N,N,O,,N,N,N,N,N,0,N,N,N,N,N,N,N,N,N,N,N,N,2022,P-545,Riverside Woods West,0,0,0,{4E87B0F8-C4B5-41F3-81E2-DDD148DDBB5E},567.42736682,105.597041799704
8790,1447,286 Riverside Dr,,,0,0,0,0,0,0,0,0,0,0,0,0,0,0,0,0,0,0,,0,0,0,0,,,0,0,0,0,,0,0,0,0,0,0,0,0,N,N,N,N,O,,N,N,N,N,N,0,N,N,N,N,N,N,N,N,N,N,N,N,2022,P-546,Riverside Woods,0,0,0,{A5CDAF44-1CB6-40BB-A67E-30526A5D33B2},5169.62304561,356.229422641194
8791,1448,2 O'Brien St,,,0,0,0,0,0,0,0,0,0,0,0,0,0,0,0,0,0,0,,0,0,0,0,,,0,0,0,0,,0,0,0,0,0,0,0,0,N,N,N,N,O,,N,N,N,N,N,0,N,N,N,N,N,N,N,N,N,N,N,N,2023,P-547,Riverview Park South-West,0,0,0,{4681CB03-89B4-4948-BBE7-F6624BFA092C},746.305202075,137.708937077177
8792,1449,1136 Riverbend Road,,,0,0,0,0,0,0,0,0,0,0,0,0,0,0,0,0,0,0,,0,0,0,0,,,0,0,0,1,2023,0,88.52,88.52,0,0,0,0,0,N,N,N,N,U,,N,N,N,N,N,0,N,N,N,N,N,N,N,N,N,N,N,N,2022,P-548,Hickory Park,0,0,0,{7A5DD764-4C52-4DB6-A764-2C5329544DEC},1647.03938542,189.311700014689
8795,1453,783 Apricot Drive,,,0,0,0,0,0,0,0,0,0,0,0,0,0,0,0,0,0,0,,0,0,0,0,,,0,0,0,0,,0,58.8,58.8,0,0,0,0,0,N,N,N,N,SW,,N,N,N,N,N,0,N,N,N,N,N,N,N,N,N,Y,N,N,2021,P-552,Byron Hills SWMF,0,0,0,{B1F7EF78-E9CA-4D95-BD14-2BB688E3D321},8546.475448245,390.975392086731
8798,1456,2245 Wateroak Dr,,,0,0,0,0,0,0,0,0,0,0,0,0,0,0,0,0,0,0,,0,0,0,0,,,0,0,0,0,,0,200.04,200.04,0,0,0,0,0,N,N,N,N,SW,,N,N,N,N,N,0,N,N,N,N,N,N,N,N,N,Y,N,N,2023,P-555,Tokala SWM,0,0,0,{337E976C-B514-41E4-AACD-A9E3B96CE5AC},31719.481684385,1003.50332650836
8805,1463,1050 Upperpoint Ave,,,0,0,0,0,0,0,0,0,0,0,0,0,0,0,0,0,0,0,,0,0,0,0,,,0,0,0,1,2024,0,361.43,361.43,1,0,0,0,1,N,N,N,N,N,,N,N,N,N,N,9,2,N,N,N,N,N,N,N,N,N,N,N,2024,P-562,Upperpoint Park,0,0,0,{A1BD4ED0-9F9A-4C3A-A9C8-1F6B82BBC3AC},12145.624929735,513.324272409864
8810,1468,1236 Sandbar Street,,,0,0,0,0,0,0,0,0,0,0,0,0,0,0,0,0,0,0,,0,0,0,0,,,0,0,0,0,,293.4,0,293.4,0,0,0,0,0,N,N,N,N,O,,N,N,N,N,N,0,N,N,N,N,N,N,N,N,N,N,N,N,2024,P-567,Harry Geris Park,0,0,0,{A952BFE3-E552-4F5E-A33A-46403E5CF3C2},1839.88923178,185.745901970819
8813,1470,211 Halls Mill Rd,0,0,0,0,0,0,0,0,0,0,0,0,0,0,0,0,0,0,0,0, ,0,0,0,0, , ,0,0,0,0, ,0,0,0,0,0,0,0,0,N,N,N,N,O, ,N,N,N,N,N,0,N,N,N,N,N,N,N,N,N,N,N,N, ,P-240B,Byron River Valley - West,0,0,0,{6E7B1D83-CA9E-4381-8F2E-A2D9E0B982FF},38176.9384316,1709.46664183976
8814,1471,211 Halls Mill Rd,0,0,0,0,0,0,0,0,0,0,0,0,0,0,0,0,0,0,0,0, ,0,0,0,0, , ,0,0,0,0, ,0,0,0,0,0,0,0,0,N,N,N,N,O, ,N,N,N,N,N,0,N,N,N,N,N,N,N,N,N,N,N,N, ,P-240C,Byron River Valley - Central West,0,0,0,{949060E9-8877-433D-93BA-2460CFCF4EFE},3419.44904768,327.506649677942
8815,1472,211 Halls Mill Rd,0,0,0,0,0,0,0,0,0,0,0,0,0,0,0,0,0,0,0,0, ,0,0,0,0, , ,0,0,0,0, ,0,0,0,0,0,0,0,0,N,N,N,N,O, ,N,N,N,N,N,0,N,N,N,N,N,N,N,N,N,N,N,N, ,P-240D,Byron River Valley - East,0,0,0,{00E53839-0569-42BB-8416-F13FC8EBB7EE},6963.77342695,373.202647873772
8816,1473,211 Halls Mill Rd,0,0,0,0,0,0,0,0,0,0,0,0,0,0,0,0,0,0,0,0, ,0,0,0,0, , ,0,0,0,0, ,0,0,0,0,0,0,0,0,N,N,N,N,O, ,N,N,N,N,N,0,N,N,N,N,N,N,N,N,N,N,N,N, ,P-240E,Byron River Valley - ESA West,0,0,0,{958C8B59-3901-448A-A5A6-5FDB13E18DC5},4600.563516285,277.829454586398
8817,1474,211 Halls Mill Rd,0,0,0,0,0,0,0,0,0,0,0,0,0,0,0,0,0,0,0,0, ,0,0,0,0, , ,0,0,0,0, ,0,0,0,0,0,0,0,0,N,N,N,N,O, ,N,N,N,N,N,0,N,N,N,N,N,N,N,N,N,N,N,N, ,P-240F,Byron River Valley - ESA Central,0,0,0,{A6D1D472-E9D4-45CD-A093-80275AF0F709},2198.31317014,232.84333128498
8818,1475,211 Halls Mill Rd,0,0,0,0,0,0,0,0,0,0,0,0,0,0,0,0,0,0,0,0, ,0,0,0,0, , ,0,0,0,0, ,0,0,0,0,0,0,0,0,N,N,N,N,O, ,N,N,N,N,N,0,N,N,N,N,N,N,N,N,N,N,N,N, ,P-240G,Byron River Valley - ESA East,0,0,0,{E7C1D2AC-387D-43F3-A774-7E78C050A683},2657.03772916,234.568190697323
8819,1476,50 Greenside Ave,184,56,0,0,0,0,0,0,0,0,0,0,0,0,0,0,0,0,0,0, ,0,0,0,0, , ,0,0,0,0,,0,0,0,0,0,0,6,2,N,N,N,Y,D,"Viewing Deck, separate large and small dog off-leash parks",N,N,N,Y,N,1,Y,N,N,Y,Y,N,N,Y,N,N,Y,N, ,P-090C,Greenway Park - Central,0,0,0,{B87DCA22-E515-4B10-A7FF-4F593DCA0EC3},119639.501082055,2834.18523414165
8820,1477,50 Greenside Ave,184,56,0,0,0,0,0,0,0,0,2,0,2,0,0,0,3,0,0,0, ,0,0,0,0, , ,0,0,0,0,,0,0,0,0,0,0,6,2,N,N,N,Y,D,"Viewing Deck, separate large and small dog off-leash parks",N,N,N,Y,N,1,Y,N,N,Y,Y,N,N,Y,N,N,Y,N, ,P-090B,Greenway Park - East,0,0,0,{DF468DBF-C61D-425E-BE35-546463214828},43175.211374025,1295.07108428763
8821,1478,2190 Kains Rd,0,0,0,0,0,0,0,0,0,0,0,0,0,0,0,0,0,0,0,0, ,0,0,0,0, , ,0,0,0,0, ,0,0,0,0,0,0,0,0,N,N,N,N,O, ,N,N,N,N,N,0,N,N,N,N,N,N,N,N,N,N,N,N, ,P-376B,Kains Woods Trail,0,0,0,{BC5323C2-BAFB-4884-8FFE-5FCAFCB151C5},14960.90974202,1939.19641690701
8830,1488,420 Ambleside Dr,0,0,0,0,0,0,0,0,0,0,0,0,0,0,0,0,0,0,0,0, ,0,0,0,0, , ,0,0,0,0, ,0,0,0,0,0,0,0,0,N,N,N,N,E, ,N,N,N,N,N,0,N,N,N,N,N,N,N,N,N,N,Y,N, ,P-002D,Medway Valley Heritage Forest ESA - Central,0,0,0,{01A926E3-663A-4511-B481-2AD1F127F094},106016.36688722,1476.93313349466
8831,1489,420 Ambleside Dr,0,0,0,0,0,0,0,0,0,0,0,0,0,0,0,0,0,0,0,0, ,0,0,0,0, , ,0,0,0,0, ,0,0,0,0,0,0,0,0,N,N,N,N,E, ,N,N,N,N,N,0,N,N,N,N,N,N,N,N,N,N,Y,N, ,P-002E,Medway Valley Heritage Forest ESA - North Central,0,0,0,{67F9CC48-9DE6-4346-B8AA-6886CB57F425},28409.82996357,764.900383744966
8832,1490,420 Ambleside Dr,0,0,0,0,0,0,0,0,0,0,0,0,0,0,0,0,0,0,0,0, ,0,0,0,0, , ,0,0,0,0, ,0,0,0,0,0,0,0,0,N,N,N,N,E, ,N,N,N,N,N,0,N,N,N,N,N,N,N,N,N,N,Y,N, ,P-002F,Medway Valley Heritage Forest ESA - South Central,0,0,0,{DA00EF3A-F220-4C5A-AF3A-B6CB0635CF99},59658.372452245,2435.92167536499
8835,1493,1210 Oxford St W,0,6,0,0,0,0,0,0,0,0,0,0,0,0,0,0,0,0,0,0, ,0,0,0,0, , ,0,0,0,0, ,0,0,0,0,0,0,0,0,N,N,N,N,E, ,N,N,N,N,N,0,N,N,N,Y,N,N,N,N,N,N,N,N, ,P-088C,Sifton Bog ESA - West,0,0,0,{93B968CF-F683-4CE1-A751-1C0AA476D01F},30852.18458058,789.80976623773
8836,1494,1210 Oxford St W,0,6,0,0,0,0,0,0,0,0,0,0,0,0,0,0,0,0,0,0, ,0,0,0,0, , ,0,0,0,0, ,0,0,0,0,0,0,0,0,N,N,N,N,E, ,N,N,N,N,N,0,N,N,N,Y,N,N,N,N,N,N,N,N, ,P-088B,Sifton Bog ESA - East,0,0,0,{5E6062C3-FEEE-4BEF-925A-0F91C3CE87ED},33732.00585394,1005.09875198526
8837,1495,571 Santa-monica Rd,0,0,0,0,0,0,0,0,0,0,0,0,0,0,0,0,0,0,0,0, ,0,0,0,0, , ,0,0,0,0, ,0,0,0,0,0,0,0,0,N,N,N,N,E, ,N,N,N,N,N,0,N,N,N,N,N,N,N,N,N,N,N,N, ,P-207B,Naomee Park - East,0,0,0,{C881262C-F665-4D81-B6BD-D3BA8A863572},15127.43010544,735.573189595943
8850,78,1210 Oxford St W,0,6,0,0,0,0,0,0,0,0,0,0,0,0,0,0,0,0,0,0, ,0,0,0,0, , ,0,0,0,0, ,110.67,0,110.67,0,0,0,0,0,N,N,N,N,E, ,N,N,N,N,N,0,N,N,N,Y,N,N,N,N,N,N,N,N, ,P-088A,Sifton Bog ESA,0,0,0,{61519F6B-0B11-4CBC-8163-BB595262C676},281024.2576405,3155.83868026312
8851,183,571 Santa-monica Rd,0,0,0,0,0,0,0,0,0,0,0,0,0,0,0,0,0,0,0,0, ,0,0,0,0, , ,0,0,0,0, ,0,0,0,0,0,0,0,0,N,N,N,N,E, ,N,N,N,N,N,0,N,N,N,N,N,N,N,N,N,N,N,N, ,P-207A,Naomee Park - West,0,0,0,{99F3D8E9-52D3-4769-8373-66B8864410B8},17031.42786224,522.076270572311
8858,321,50 Greenside Ave,184,56,0,0,0,0,0,0,0,0,1,0,1,0,0,0,1,0,0,0, ,0,0,0,0, , ,0,0,0,1,2022,0,3949.92,3949.92,0,0,0,6,2,Y,N,N,Y,D,"Viewing Deck, separate large and small dog off-leash parks",N,N,N,Y,N,1,Y,Y,N,Y,Y,N,N,Y,N,N,Y,N, ,P-090A,Greenway Park,0,0,0,{8097CD31-D9F3-445F-B411-C8BB27480D6C},318506.674891075,3977.30542809018
8859,374,2190 Kains Rd,0,0,0,0,0,0,0,0,0,0,0,0,0,0,0,0,0,0,0,0, ,0,0,0,0, , ,0,0,0,0, ,0,0,0,0,0,0,0,0,N,N,N,N,O, ,N,N,N,N,N,0,N,N,N,N,N,N,N,N,N,N,N,N, ,P-376A,Kains Woods Trail - West,0,0,0,{54C3FBD1-5E1A-44F9-9525-5EA129D31B9B},23111.35220446,1569.23204228454
8860,343,211 Halls Mill Rd,0,0,0,0,0,0,0,0,0,0,0,0,0,0,0,0,0,0,0,0, ,0,0,0,0, , ,0,0,0,0, ,0,0,0,0,0,0,0,0,N,N,N,N,O, ,N,N,N,N,N,0,N,N,N,N,N,N,N,N,N,N,N,N, ,P-240A,Byron River Valley - Central,0,0,0,{212E4712-B252-4D83-B3EC-1562EB49576F},43104.718336175,1123.34952693738
8862,341,420 Ambleside Dr,0,0,0,0,0,0,0,0,0,0,0,0,0,0,0,0,0,0,0,0, ,0,0,0,0, , ,0,0,0,0, ,630.42,1970.68,2601.1,0,0,0,0,0,N,N,N,N,E, ,N,N,N,N,N,0,N,N,N,N,N,N,N,N,N,N,Y,N, ,P-002C,Medway Valley Heritage Forest ESA - North,0,0,0,{9DE329E1-AF54-435C-A0AF-C6285B1698ED},215541.395226775,2797.7761691013
8876,1517,1723 Foxwood Ave,0,0,0,0,0,0,0,0,0,0,0,0,0,0,0,0,0,0,0,0, ,0,0,0,0, , ,0,0,0,0, ,0,1575.1,1575.1,0,0,0,0,0,N,N,N,N,O, ,N,N,N,N,N,0,N,N,N,N,N,N,N,N,N,N,N,N,2014,P-432,Snake Creek,0,0,0,{2C0C6B80-A1E3-424F-9470-89CA701C3E68},1378.087190815,149.54532299192
8877,1518,1723 Foxwood Ave,0,0,0,0,0,0,0,0,0,0,0,0,0,0,0,0,0,0,0,0, ,0,0,0,0, , ,0,0,0,0, ,0,1575.1,1575.1,0,0,0,0,0,N,N,N,N,O, ,N,N,N,N,N,0,N,N,N,N,N,N,N,N,N,N,N,N,2014,P-432,Snake Creek,0,0,0,{D98DB387-A326-4427-B508-BC0C80FA00BD},18353.66953649,844.382539503781
8878,1519,2525 Bridgehaven Dr,0,0,0,0,0,0,0,0,0,0,0,0,0,0,0,0,0,0,0,0, ,0,0,0,0, , ,0,0,0,0, ,0,385.38,385.38,0,0,0,0,0,N,N,N,N,SW, ,N,N,N,N,N,0,N,N,N,N,N,N,N,N,N,N,N,N,2020,P-481,Foxhollow SWMF #3,0,0,0,{C0731150-BB32-47C5-896A-61C8E1C13787},1491.373556085,168.803539427396
9266,1508,1210 Oxford St W,0,6,0,0,0,0,0,0,0,0,0,0,0,0,0,0,0,0,0,0,,0,0,0,0,,,0,0,0,0,,0,0,0,0,0,0,0,0,N,N,N,N,E,,,N,N,N,N,0,N,N,N,Y,N,N,N,N,N,N,N,N,2024,P-088D,Sifton Bog ESA - North East,0,0,0,{32C50F70-6CFC-44CA-9DEB-043EEDE55791},72399.60572628,1808.23355364965
