OBJECTID,Theme,Layer,FeatureCode,LastEditDate,ShapeSTArea,ShapeSTLength
570,Structures,Map 2D - Structures - Public Pool,EL30150000,2017/03/06 00:00:00+00,77.66555,37.502796134946
571,Structures,Map 2D - Structures - Public Pool,EL30150000,2017/03/06 00:00:00+00,104.86405,41.850139150232
572,Structures,Map 2D - Structures - Public Pool,EL30150000,2017/03/06 00:00:00+00,69.9881,35.5770990489195
573,Structures,Map 2D - Structures - Public Pool,EL30150000,2017/03/06 00:00:00+00,79.8473445,37.6787331507238
574,Structures,Map 2D - Structures - Public Pool,EL30150000,2017/03/06 00:00:00+00,96.8725,41.7147476554943
575,Structures,Map 2D - Structures - Public Pool,EL30150000,2017/03/06 00:00:00+00,141.75245,54.7481736682877
576,Structures,Map 2D - Structures - Public Pool,EL30150000,2017/03/06 00:00:00+00,455.75247048,111.888224903464
577,Structures,Map 2D - Structures - Public Pool,EL30150000,2017/03/06 00:00:00+00,85.3802,41.2997746693013
578,Structures,Map 2D - Structures - Public Pool,EL30150000,2017/03/06 00:00:00+00,119.63465,45.4184101249182
579,Structures,Map 2D - Structures - Public Pool,EL30150000,2017/03/06 00:00:00+00,152.9761,51.9305746826658
580,Structures,Map 2D - Structures - Public Pool,EL30150000,2017/03/06 00:00:00+00,27.7958528,19.617641646255
581,Structures,Map 2D - Structures - Public Pool,EL30150000,2017/03/06 00:00:00+00,176.50675,56.1111127685591
582,Structures,Map 2D - Structures - Public Pool,EL30150000,2017/03/06 00:00:00+00,105.6547974,42.8828332897234
583,Structures,Map 2D - Structures - Public Pool,EL30150000,2017/03/06 00:00:00+00,65.5092795,34.6819398696062
584,Structures,Map 2D - Structures - Public Pool,EL30150000,2017/03/06 00:00:00+00,97.41245,46.8245886731524
585,Structures,Map 2D - Structures - Public Pool,EL30150000,2017/03/06 00:00:00+00,99.48415352,42.8417783279821
586,Structures,Map 2D - Structures - Public Pool,EL30150000,2017/03/06 00:00:00+00,81.8405,37.969685699324
587,Structures,Map 2D - Structures - Public Pool,EL30150000,2017/03/06 00:00:00+00,100.2491,41.9385884866548
588,Structures,Map 2D - Structures - Public Pool,EL30150000,2017/03/06 00:00:00+00,69.6039,35.5932098229381
589,Structures,Map 2D - Structures - Public Pool,EL30150000,2017/03/06 00:00:00+00,97.0618,39.4371848675684
590,Structures,Map 2D - Structures - Public Pool,EL30150000,2017/03/06 00:00:00+00,229.55805,67.8155244877114
591,Structures,Map 2D - Structures - Public Pool,EL30150000,2017/03/06 00:00:00+00,96.9641,41.3288533356362
592,Structures,Map 2D - Structures - Public Pool,EL30150000,2017/03/06 00:00:00+00,754.935309445,119.328330691697
593,Structures,Map 2D - Structures - Public Pool,EL30150000,2017/03/06 00:00:00+00,93.6574905,39.7927803045576
594,Structures,Map 2D - Structures - Public Pool,EL30150000,2017/03/06 00:00:00+00,82.17205,39.1632565736879
595,Structures,Map 2D - Structures - Public Pool,EL30150000,2017/03/06 00:00:00+00,124.67905,49.1805566723796
596,Structures,Map 2D - Structures - Public Pool,EL30150000,2017/03/06 00:00:00+00,67.97125,33.1991944858196
597,Structures,Map 2D - Structures - Public Pool,EL30150000,2017/03/06 00:00:00+00,106.074939,43.9993216533788
598,Structures,Map 2D - Structures - Public Pool,EL30150000,2017/03/06 00:00:00+00,79.91025,39.4066517122427
599,Structures,Map 2D - Structures - Public Pool,EL30150000,2017/03/06 00:00:00+00,87.4167,38.9031032623097
600,Structures,Map 2D - Structures - Public Pool,EL30150000,2017/03/06 00:00:00+00,175.172017,56.4792774883335
601,Structures,Map 2D - Structures - Public Pool,EL30150000,2017/03/06 00:00:00+00,140.687563,49.6128277050898
602,Structures,Map 2D - Structures - Public Pool,EL30150000,2017/03/06 00:00:00+00,170.4363,61.8657362120186
603,Structures,Map 2D - Structures - Public Pool,EL30150000,2017/03/06 00:00:00+00,210.306,59.0164118440813
604,Structures,Map 2D - Structures - Public Pool,EL30150000,2017/03/06 00:00:00+00,85.67195,40.0494680838173
605,Structures,Map 2D - Structures - Public Pool,EL30150000,2017/03/06 00:00:00+00,90.0973465,39.1087444959781
606,Structures,Map 2D - Structures - Public Pool,EL30150000,2017/03/06 00:00:00+00,86.3298,39.5256325106963
607,Structures,Map 2D - Structures - Public Pool,EL30150000,2017/03/06 00:00:00+00,122.6455255,46.6866450721678
608,Structures,Map 2D - Structures - Public Pool,EL30150000,2017/03/06 00:00:00+00,333.3995,81.2383549552728
609,Structures,Map 2D - Structures - Public Pool,EL30150000,2017/03/06 00:00:00+00,86.93885,41.2383613269729
610,Structures,Map 2D - Structures - Public Pool,EL30150000,2017/03/06 00:00:00+00,338.20725,65.7031862351142
611,Structures,Map 2D - Structures - Public Pool,EL30150000,2017/03/06 00:00:00+00,187.89725,48.9188587303945
612,Structures,Map 2D - Structures - Public Pool,EL30150000,2017/03/06 00:00:00+00,104.3848,43.3470717076193
613,Structures,Map 2D - Structures - Public Pool,EL30150000,2017/03/06 00:00:00+00,94.40961208,38.9185883651656
614,Structures,Map 2D - Structures - Public Pool,EL30150000,2017/03/06 00:00:00+00,349.08753672,79.3396147899216
615,Structures,Map 2D - Structures - Public Pool,EL30150000,2017/03/06 00:00:00+00,74.6982,36.6328207010984
616,Structures,Map 2D - Structures - Public Pool,EL30150000,2017/03/06 00:00:00+00,101.5211685,43.2701188318729
617,Structures,Map 2D - Structures - Public Pool,EL30150000,2017/03/06 00:00:00+00,178.3281,47.4424314739428
618,Structures,Map 2D - Structures - Public Pool,EL30150000,2017/03/06 00:00:00+00,74.06825,36.7361080124525
619,Structures,Map 2D - Structures - Public Pool,EL30150000,2017/03/06 00:00:00+00,73.57135,36.2955047210681
620,Structures,Map 2D - Structures - Public Pool,EL30150000,2017/03/06 00:00:00+00,104.2548,42.6638252600904
621,Structures,Map 2D - Structures - Public Pool,EL30150000,2017/03/06 00:00:00+00,55.74115,31.7276378742518
622,Structures,Map 2D - Structures - Public Pool,EL30150000,2017/03/06 00:00:00+00,83.06625,38.5668460641237
623,Structures,Map 2D - Structures - Public Pool,EL30150000,2017/03/06 00:00:00+00,97.622152,45.1555353135552
624,Structures,Map 2D - Structures - Public Pool,EL30150000,2017/03/06 00:00:00+00,66.68655,33.8388859269506
625,Structures,Map 2D - Structures - Public Pool,EL30150000,2017/03/06 00:00:00+00,303.335269,72.5621290970801
626,Structures,Map 2D - Structures - Public Pool,EL30150000,2017/03/06 00:00:00+00,57.0018,30.8378528451899
627,Structures,Map 2D - Structures - Public Pool,EL30150000,2017/03/06 00:00:00+00,135.95125,48.4698129423548
628,Structures,Map 2D - Structures - Public Pool,EL30150000,2017/03/06 00:00:00+00,90.05885,38.9665074558134
629,Structures,Map 2D - Structures - Public Pool,EL30150000,2017/03/06 00:00:00+00,106.66635,44.1409940352084
630,Structures,Map 2D - Structures - Public Pool,EL30150000,2018/10/31 00:00:00+00,106.457469295,42.5734718660388
631,Structures,Map 2D - Structures - Public Pool,EL30150000,2020/08/31 00:00:00+00,104.08029556,42.5790862438359
632,Structures,Map 2D - Structures - Public Pool,EL30150000,2020/08/31 00:00:00+00,358.81020846,79.7632524970767
633,Structures,Map 2D - Structures - Public Pool,EL30150000,2020/08/31 00:00:00+00,52.09201203,29.4740674741084
634,Structures,Map 2D - Structures - Public Pool,EL30150000,2021/08/31 00:00:00+00,725.26623774,124.096787098323
635,Structures,Map 2D - Structures - Public Pool,EL30150000,2022/08/31 00:00:00+00,434.34371225,124.118323590802
636,Structures,Map 2D - Structures - Public Pool,EL30150000,2022/08/31 00:00:00+00,185.517335,48.5835715004457
637,Structures,Map 2D - Structures - Public Pool,EL30150000,2022/08/31 00:00:00+00,178.72471,47.4302441520094
638,Structures,Map 2D - Structures - Public Pool,EL30150000,2022/08/31 00:00:00+00,1138.692738,143.028296244277
639,Structures,Map 2D - Structures - Public Pool,EL30150000,2022/08/31 00:00:00+00,93.6565605,38.7109854548757
640,Structures,Map 2D - Structures - Public Pool,EL30150000,2022/08/31 00:00:00+00,1496.29147225,211.296780223241
641,Structures,Map 2D - Structures - Public Pool,EL30150000,2022/08/31 00:00:00+00,682.522273375,110.434016708817
642,Structures,Map 2D - Structures - Public Pool,EL30150000,2022/08/31 00:00:00+00,111.4839,43.4203960932993
643,Structures,Map 2D - Structures - Public Pool,EL30150000,2022/08/31 00:00:00+00,652.2748315,108.624882561017
644,Structures,Map 2D - Structures - Public Pool,EL30150000,2022/08/31 00:00:00+00,603.080890375,152.216362980207
645,Structures,Map 2D - Structures - Public Pool,EL30150000,2024/08/31 00:00:00+00,4.5547535,25.489626022955
646,Structures,Map 2D - Structures - Public Pool,EL30150000,2024/08/31 00:00:00+00,153.09519361,51.1049278280809
647,Structures,Map 2D - Structures - Public Pool,EL30150000,2024/08/31 00:00:00+00,125.355010925,42.9912391097378
648,Structures,Map 2D - Structures - Public Pool,EL30150000,2025/07/31 00:00:00+00,95.41798646,41.9257028039199
649,Structures,Map 2D - Structures - Public Pool,EL30150000,2025/07/31 00:00:00+00,84.020318085,38.6672531210422
650,Structures,Map 2D - Structures - Public Pool,EL30150000,2025/07/31 00:00:00+00,126.163704065,46.3051968915071
651,Structures,Map 2D - Structures - Public Pool,EL30150000,2025/07/31 00:00:00+00,72.126274055,34.2406518891024
